,Word,RepeatN,WordCharacter,salet Topics,reast Topics,crate Topics,trace Topics,slate Topics,crane Topics,salet Description,reast Description,crate Description,trace Description,slate Description,crane Description,salet Attitude,reast Attitude,crate Attitude,trace Attitude,slate Attitude,crane Attitude
0,slump,0,NN,place,place,place,place,place,place,entertainment,entertainment,entertainment,entertainment,entertainment,sport,0.44303843,0.44141603,0.44141603,0.4299089,0.44303843,0.43624184
1,crank,0,NN,place,place,place,place,place,place,entertainment,entertainment,entertainment,entertainment,entertainment,entertainment,0.4631398,0.4631398,0.4631398,0.4512561,0.5011362,0.4588719
2,gorge,1,NN,place,place,place,place,place,place,entertainment,entertainment,entertainment,entertainment,entertainment,entertainment,0.4631398,0.46805245,0.4631398,0.4512561,0.4631398,0.4588719
3,query,0,NN,species,agent,species,species,species,species,entertainment,entertainment,entertainment,entertainment,entertainment,entertainment,0.4631398,0.48569387,0.4344419,0.42814162,0.4631398,0.4588719
4,drink,0,VB,species,species,species,species,species,species,entertainment,entertainment,entertainment,entertainment,entertainment,entertainment,0.42349446,0.44999126,0.4488398,0.43619344,0.42349446,0.41658968
5,favor,0,NN,agent,place,place,place,place,place,entertainment,entertainment,entertainment,entertainment,entertainment,entertainment,0.440463,0.43897042,0.440463,0.42813227,0.440463,0.43497288
6,abbey,1,NN,place,place,place,place,place,place,entertainment,entertainment,entertainment,entertainment,entertainment,entertainment,0.4631398,0.4631398,0.4631398,0.4512561,0.4631398,0.470649
7,tangy,0,NN,species,place,species,place,species,place,entertainment,entertainment,entertainment,entertainment,entertainment,entertainment,0.47820136,0.49898824,0.49898824,0.4777577,0.49898824,0.49070868
8,panic,0,JJ,agent,place,place,species,place,place,entertainment,entertainment,entertainment,entertainment,entertainment,entertainment,0.42684838,0.42684838,0.42684838,0.4142214,0.42684838,0.42343962
9,solar,0,JJ,place,place,place,place,place,place,entertainment,entertainment,entertainment,entertainment,entertainment,entertainment,0.4631398,0.4631398,0.4631398,0.4512561,0.4631398,0.4588719
10,shire,0,NN,place,place,place,place,place,place,entertainment,entertainment,entertainment,entertainment,entertainment,entertainment,0.49520612,0.43437365,0.4631398,0.4512561,0.49520612,0.4588719
11,proxy,0,NN,species,place,species,species,species,place,entertainment,entertainment,entertainment,entertainment,entertainment,entertainment,0.45702893,0.45702893,0.43649414,0.42214465,0.45702893,0.4332604
12,point,0,NN,place,place,species,place,place,place,entertainment,entertainment,entertainment,entertainment,entertainment,entertainment,0.44603086,0.44603086,0.44603086,0.43526524,0.44603086,0.42907512
13,robot,1,NN,place,place,place,place,place,place,entertainment,entertainment,entertainment,entertainment,entertainment,entertainment,0.4631398,0.4631398,0.49085552,0.4512561,0.4631398,0.4588719
14,prick,0,JJ,species,place,place,place,species,place,entertainment,entertainment,entertainment,entertainment,entertainment,entertainment,0.4631398,0.4631398,0.4631398,0.4512561,0.4631398,0.4588719
15,wince,0,NN,place,place,place,place,place,place,entertainment,entertainment,entertainment,entertainment,entertainment,entertainment,0.45522124,0.45032683,0.45581776,0.44034013,0.45522124,0.4502327
16,crimp,0,NN,place,place,place,place,species,place,entertainment,entertainment,entertainment,entertainment,entertainment,entertainment,0.4631398,0.4631398,0.4631398,0.4512561,0.4631398,0.4588719
17,knoll,1,NN,place,place,place,place,place,place,entertainment,entertainment,entertainment,entertainment,entertainment,entertainment,0.4631398,0.43203363,0.4631398,0.4512561,0.43203363,0.4588719
18,sugar,0,NN,species,place,species,place,species,species,sport,entertainment,entertainment,entertainment,entertainment,entertainment,0.39738593,0.4374761,0.4374761,0.42527074,0.39738593,0.4303008
19,whack,0,NN,place,place,species,place,place,place,entertainment,entertainment,entertainment,entertainment,entertainment,entertainment,0.4631398,0.46524328,0.46524328,0.4482163,0.5011362,0.45520332
20,mount,0,NN,place,place,place,place,place,place,entertainment,entertainment,entertainment,entertainment,entertainment,entertainment,0.49335417,0.49335417,0.49335417,0.47982502,0.49335417,0.47578222
21,perky,0,NN,place,place,species,species,place,place,entertainment,entertainment,entertainment,entertainment,entertainment,entertainment,0.4631398,0.4344419,0.4344419,0.42814162,0.4631398,0.4588719
22,could,0,MD,place,place,place,place,place,place,entertainment,entertainment,entertainment,entertainment,entertainment,entertainment,0.43211174,0.43203363,0.44896305,0.4221148,0.43203363,0.42487174
23,wrung,0,VB,place,place,species,species,species,place,entertainment,entertainment,entertainment,entertainment,entertainment,entertainment,0.4631398,0.44169223,0.4488398,0.43619344,0.4631398,0.4368818
24,light,0,JJ,place,place,species,place,place,place,entertainment,entertainment,entertainment,entertainment,entertainment,entertainment,0.4711496,0.4711496,0.4711496,0.45685515,0.4649974,0.46278685
25,those,0,DT,place,place,place,place,place,agent,entertainment,entertainment,entertainment,entertainment,entertainment,entertainment,0.43969,0.43969,0.49267116,0.4764501,0.43969,0.43689653
26,moist,0,JJ,place,species,species,species,species,species,entertainment,entertainment,entertainment,entertainment,entertainment,entertainment,0.46222457,0.4626031,0.4626031,0.4468941,0.46222457,0.45401382
27,shard,0,JJ,place,place,species,place,place,place,entertainment,entertainment,entertainment,entertainment,entertainment,entertainment,0.42337185,0.4631398,0.4631398,0.4512561,0.4631398,0.4588719
28,pleat,0,NN,place,place,place,place,place,place,entertainment,entertainment,entertainment,entertainment,entertainment,entertainment,0.4631398,0.4631398,0.47968784,0.46583074,0.4631398,0.470649
29,aloft,0,RB,place,place,place,place,place,place,entertainment,entertainment,entertainment,entertainment,entertainment,entertainment,0.4631398,0.43675643,0.4631398,0.4512561,0.4631398,0.4588719
30,skill,1,JJ,agent,place,place,place,place,place,entertainment,entertainment,entertainment,entertainment,entertainment,entertainment,0.49267536,0.514403,0.514403,0.49836618,0.5050056,0.5116248
31,elder,1,NN,agent,agent,species,place,place,agent,entertainment,entertainment,entertainment,entertainment,entertainment,entertainment,0.47458103,0.48569384,0.44919956,0.43918574,0.47458103,0.47365552
32,frame,0,NN,place,place,place,place,place,place,entertainment,entertainment,entertainment,entertainment,entertainment,entertainment,0.49872226,0.508008,0.508008,0.49360895,0.48483622,0.48446646
33,humor,0,NN,place,place,place,place,species,place,entertainment,entertainment,entertainment,entertainment,entertainment,entertainment,0.5165299,0.5165299,0.5165299,0.49938706,0.5165299,0.50604177
34,pause,0,NN,place,place,place,place,place,place,entertainment,entertainment,entertainment,entertainment,entertainment,entertainment,0.46621624,0.46739003,0.46621624,0.45149443,0.46621624,0.4596588
35,ulcer,0,JJ,agent,agent,place,place,place,place,entertainment,entertainment,entertainment,entertainment,entertainment,entertainment,0.47458097,0.48569387,0.4631398,0.4512561,0.47458097,0.4588719
36,ultra,0,JJ,place,place,place,place,place,species,entertainment,entertainment,entertainment,entertainment,entertainment,entertainment,0.5033505,0.48519015,0.48088259,0.47168097,0.48519015,0.4785118
37,robin,0,NN,agent,agent,place,place,species,place,entertainment,entertainment,entertainment,entertainment,entertainment,entertainment,0.48421344,0.48107642,0.48421344,0.4721058,0.48421344,0.47839105
38,cynic,1,JJ,place,place,place,place,species,place,entertainment,entertainment,entertainment,entertainment,entertainment,entertainment,0.45736757,0.42716488,0.47508812,0.4175351,0.45736757,0.4502277
39,aroma,1,NN,species,species,species,species,species,species,entertainment,entertainment,entertainment,entertainment,entertainment,entertainment,0.4631398,0.43897042,0.4631398,0.4512561,0.4631398,0.4588719
40,caulk,0,NNS,place,place,place,species,place,species,entertainment,entertainment,entertainment,entertainment,entertainment,entertainment,0.4631398,0.488251,0.4631398,0.47262537,0.4631398,0.4588719
41,shake,0,VBP,place,place,place,place,place,place,entertainment,entertainment,entertainment,entertainment,entertainment,entertainment,0.446219,0.446219,0.44571343,0.4324122,0.446219,0.4402334
42,dodge,1,NN,place,place,place,place,place,agent,entertainment,entertainment,entertainment,entertainment,entertainment,entertainment,0.44173902,0.43501127,0.44173902,0.4297819,0.44173902,0.4372137
43,swill,1,NN,agent,place,species,place,species,place,entertainment,entertainment,entertainment,entertainment,entertainment,entertainment,0.47403213,0.43145284,0.47790018,0.46368015,0.4705746,0.4442489
44,tacit,1,VBZ,place,place,place,place,place,place,entertainment,entertainment,entertainment,entertainment,entertainment,entertainment,0.4631398,0.43675643,0.4631398,0.4512561,0.4631398,0.4588719
45,other,0,JJ,place,place,place,place,place,place,entertainment,entertainment,entertainment,entertainment,entertainment,entertainment,0.45282704,0.4601522,0.45078394,0.43966407,0.45078394,0.45169723
46,thorn,0,JJ,agent,place,species,place,place,place,entertainment,entertainment,entertainment,entertainment,entertainment,entertainment,0.48832333,0.44582775,0.46710804,0.42829993,0.44582775,0.43971315
47,trove,0,IN,place,place,place,place,species,place,entertainment,entertainment,entertainment,entertainment,entertainment,entertainment,0.4926703,0.5110807,0.5082122,0.49221838,0.5110807,0.50174797
48,bloke,0,NN,place,place,place,place,place,place,entertainment,entertainment,entertainment,entertainment,entertainment,entertainment,0.4631398,0.46003148,0.4631398,0.4512561,0.4631398,0.4588719
49,vivid,2,NN,place,place,place,place,species,place,entertainment,entertainment,entertainment,entertainment,entertainment,entertainment,0.56036246,0.52630764,0.56036246,0.5417684,0.56036246,0.5502994
50,spill,1,NN,place,place,species,place,species,species,sport,entertainment,entertainment,entertainment,entertainment,entertainment,0.42579284,0.44603428,0.49642092,0.48168027,0.48614475,0.44299057
51,chant,0,JJ,place,place,place,place,place,place,entertainment,entertainment,entertainment,entertainment,entertainment,entertainment,0.4631398,0.4631398,0.4631398,0.4512561,0.4631398,0.4588719
52,choke,0,VBD,place,place,place,place,place,place,entertainment,entertainment,entertainment,entertainment,entertainment,entertainment,0.42805234,0.42303544,0.43089494,0.42119622,0.42805234,0.42859405
53,rupee,1,JJ,place,place,place,place,place,place,sport,entertainment,entertainment,entertainment,entertainment,entertainment,0.4344419,0.4553151,0.4631398,0.4512561,0.45364088,0.4588719
54,nasty,0,JJ,species,species,species,species,species,place,entertainment,entertainment,entertainment,entertainment,entertainment,entertainment,0.42126483,0.42126483,0.42126483,0.4081532,0.42126483,0.41356948
55,mourn,0,NN,place,place,place,place,species,place,entertainment,entertainment,entertainment,entertainment,entertainment,entertainment,0.4631398,0.4631398,0.4631398,0.4512561,0.4631398,0.4588719
56,ahead,1,RB,place,species,place,place,place,place,entertainment,entertainment,entertainment,entertainment,entertainment,entertainment,0.45216036,0.45250362,0.45250362,0.44010282,0.45250362,0.4543023
57,brine,0,JJ,place,place,place,place,species,place,entertainment,entertainment,entertainment,entertainment,entertainment,entertainment,0.4631398,0.46805245,0.46805245,0.4532785,0.4631398,0.4588719
58,cloth,0,CC,place,place,place,place,place,place,entertainment,entertainment,entertainment,entertainment,entertainment,entertainment,0.4631398,0.4631398,0.4631398,0.4512561,0.4631398,0.42487174
59,hoard,0,JJ,place,place,species,place,place,place,entertainment,entertainment,entertainment,entertainment,entertainment,entertainment,0.4631398,0.4631398,0.4631398,0.4512561,0.5011362,0.4588719
60,sweet,1,JJ,place,species,species,species,species,species,entertainment,entertainment,entertainment,entertainment,entertainment,entertainment,0.47825786,0.48829192,0.48829192,0.46071857,0.5002791,0.47728172
61,month,0,NN,agent,place,place,place,place,place,entertainment,entertainment,entertainment,entertainment,entertainment,entertainment,0.50750244,0.4631398,0.4631398,0.4512561,0.4631398,0.4588719
62,lapse,0,NN,place,place,place,place,place,place,entertainment,entertainment,entertainment,entertainment,entertainment,entertainment,0.46313983,0.46313983,0.46621624,0.45149443,0.46313983,0.4596588
63,watch,0,NN,place,place,place,place,place,place,entertainment,entertainment,entertainment,entertainment,entertainment,entertainment,0.4505232,0.47327513,0.47327513,0.43900624,0.47327513,0.46635103
64,today,0,NN,place,place,place,place,place,place,entertainment,entertainment,entertainment,entertainment,entertainment,entertainment,0.4709376,0.4709376,0.4709376,0.48308122,0.4709376,0.46281356
65,focus,0,VB,place,place,place,place,place,place,entertainment,entertainment,entertainment,entertainment,entertainment,entertainment,0.51633227,0.49624652,0.49624652,0.44865346,0.51633227,0.48786387
66,smelt,0,JJ,species,species,species,species,species,species,entertainment,entertainment,entertainment,entertainment,entertainment,entertainment,0.4631398,0.4631398,0.4591222,0.46071857,0.4631398,0.4588719
67,tease,1,NN,place,place,place,place,place,place,entertainment,entertainment,entertainment,entertainment,entertainment,entertainment,0.4581674,0.4581674,0.41567588,0.44526297,0.4581674,0.45431912
68,cater,0,NN,place,place,place,place,agent,place,entertainment,entertainment,entertainment,entertainment,entertainment,entertainment,0.4631398,0.4631398,0.4631398,0.4512561,0.4670873,0.4588719
69,movie,0,NN,place,place,place,place,place,agent,entertainment,entertainment,entertainment,entertainment,entertainment,entertainment,0.500578,0.4954294,0.500578,0.48373464,0.500578,0.49094906
70,saute,0,NN,place,place,place,place,place,place,entertainment,entertainment,entertainment,entertainment,entertainment,entertainment,0.4631398,0.4631398,0.4631398,0.4512561,0.4631398,0.4596588
71,allow,1,VBP,place,place,place,place,place,place,entertainment,entertainment,entertainment,entertainment,entertainment,entertainment,0.44819066,0.4516629,0.4516629,0.43837172,0.4516629,0.44577962
72,renew,1,VB,place,place,place,place,place,place,entertainment,entertainment,entertainment,entertainment,entertainment,entertainment,0.4344419,0.4631398,0.4344419,0.42814162,0.4631398,0.45147642
73,their,0,PRP$,place,place,place,place,place,place,entertainment,entertainment,entertainment,entertainment,entertainment,entertainment,0.44478652,0.45002076,0.4426648,0.43362793,0.4426648,0.44083157
74,slosh,1,JJ,place,place,place,place,place,place,entertainment,entertainment,entertainment,entertainment,entertainment,entertainment,0.44303843,0.4631398,0.46216846,0.44569725,0.44303843,0.45648506
75,purge,0,NN,place,agent,place,place,place,place,entertainment,entertainment,entertainment,entertainment,entertainment,entertainment,0.444536,0.44606248,0.444536,0.43163386,0.444536,0.43841714
76,chest,0,JJS,place,place,place,place,place,place,entertainment,entertainment,entertainment,entertainment,entertainment,entertainment,0.44774792,0.44774792,0.44774792,0.43496746,0.44774792,0.4389229
77,depot,0,NN,place,place,place,place,place,place,entertainment,entertainment,entertainment,entertainment,entertainment,entertainment,0.4631398,0.4631398,0.4631398,0.46071857,0.45711562,0.4588719
78,epoxy,0,JJ,place,place,place,place,place,place,entertainment,entertainment,entertainment,entertainment,entertainment,entertainment,0.5058603,0.5008538,0.45114434,0.43747595,0.4631398,0.4588719
79,nymph,0,NN,species,place,species,species,species,species,entertainment,entertainment,entertainment,entertainment,entertainment,entertainment,0.4631398,0.43203363,0.4631398,0.4512561,0.4631398,0.4588719
80,found,0,VBD,species,place,species,place,species,place,entertainment,entertainment,entertainment,entertainment,entertainment,entertainment,0.4555035,0.42357397,0.4555035,0.44200283,0.4555035,0.4470048
81,shall,1,MD,place,place,place,place,place,place,entertainment,entertainment,entertainment,entertainment,entertainment,entertainment,0.46141765,0.46489903,0.46141765,0.44614053,0.46141765,0.45322502
82,stove,0,VB,place,place,place,place,place,agent,entertainment,entertainment,entertainment,entertainment,entertainment,entertainment,0.4631398,0.4631398,0.51599354,0.4512561,0.4631398,0.4588719
83,lowly,1,RB,place,place,species,place,species,place,entertainment,sport,entertainment,entertainment,sport,entertainment,0.44920304,0.4125238,0.44920304,0.43807217,0.4125238,0.44433078
84,snout,0,IN,species,species,species,species,species,species,entertainment,entertainment,entertainment,entertainment,entertainment,entertainment,0.4631398,0.4631398,0.4631398,0.4512561,0.4631398,0.4588719
85,trope,0,NN,place,place,place,place,place,place,entertainment,entertainment,entertainment,entertainment,entertainment,entertainment,0.4622376,0.48042756,0.47763535,0.4634391,0.48042756,0.47328103
86,fewer,1,JJR,place,place,species,place,species,place,entertainment,entertainment,entertainment,entertainment,entertainment,entertainment,0.4344419,0.4344419,0.4344419,0.42814162,0.43235025,0.42679432
87,shawl,0,JJ,place,place,place,place,place,place,entertainment,entertainment,entertainment,entertainment,entertainment,entertainment,0.46141765,0.4631398,0.46141765,0.44614053,0.46141765,0.45322502
88,natal,1,JJ,place,place,place,place,place,place,entertainment,entertainment,entertainment,entertainment,entertainment,entertainment,0.4631398,0.4631398,0.4631398,0.4512561,0.48396027,0.4588719
89,comma,1,NN,place,place,species,species,place,species,entertainment,entertainment,entertainment,entertainment,entertainment,entertainment,0.4631398,0.4631398,0.4631398,0.4512561,0.4631398,0.4588719
90,foray,0,NN,place,place,place,place,place,place,entertainment,entertainment,entertainment,entertainment,entertainment,entertainment,0.4631398,0.43897042,0.4631398,0.4512561,0.4631398,0.4588719
91,scare,0,NN,species,place,species,place,species,place,entertainment,entertainment,entertainment,entertainment,entertainment,entertainment,0.39880502,0.42137876,0.42137876,0.4097781,0.39880502,0.41615537
92,stair,0,JJ,place,place,place,place,place,place,entertainment,entertainment,entertainment,entertainment,entertainment,entertainment,0.4631398,0.4631398,0.4631398,0.4512561,0.4631398,0.4588719
93,black,0,JJ,species,place,species,place,species,place,entertainment,entertainment,entertainment,entertainment,entertainment,entertainment,0.46847358,0.46524328,0.46524328,0.4482163,0.46524328,0.45520332
94,squad,0,NN,place,place,place,place,place,place,sport,entertainment,entertainment,entertainment,sport,sport,0.43083972,0.4741044,0.47675592,0.46308172,0.43083972,0.48549607
95,royal,0,NN,place,place,place,place,place,place,entertainment,entertainment,entertainment,entertainment,entertainment,entertainment,0.46313983,0.45058352,0.46313983,0.4512561,0.46313983,0.4588719
96,chunk,0,NN,species,place,place,place,species,place,entertainment,entertainment,entertainment,entertainment,entertainment,entertainment,0.45953566,0.4239851,0.47209066,0.4144953,0.45953566,0.4552788
97,mince,0,NN,place,place,place,place,place,place,entertainment,entertainment,entertainment,entertainment,entertainment,entertainment,0.4631398,0.46003148,0.4631398,0.4512561,0.4631398,0.4588719
98,shame,0,NN,place,place,place,place,place,place,entertainment,entertainment,entertainment,entertainment,entertainment,entertainment,0.4182854,0.4182854,0.4176439,0.40410143,0.4182854,0.4125822
99,cheek,1,JJ,species,species,species,place,species,place,entertainment,entertainment,entertainment,entertainment,entertainment,entertainment,0.42859387,0.4587128,0.46228567,0.44576886,0.46551663,0.4533273
100,ample,0,JJ,species,species,place,place,place,place,entertainment,entertainment,entertainment,entertainment,entertainment,entertainment,0.487043,0.487043,0.48703292,0.4727424,0.48237583,0.4780646
101,flair,0,NN,species,place,species,place,species,place,entertainment,entertainment,entertainment,entertainment,entertainment,entertainment,0.5279692,0.5173125,0.5173125,0.5012251,0.52126306,0.5089679
102,foyer,0,NN,place,place,place,place,place,place,entertainment,entertainment,entertainment,entertainment,entertainment,entertainment,0.4344419,0.48569387,0.4344419,0.42814162,0.4631398,0.4588719
103,cargo,0,NN,place,place,place,place,place,place,entertainment,entertainment,entertainment,entertainment,entertainment,entertainment,0.4631398,0.43897042,0.4631398,0.4512561,0.4631398,0.4588719
104,oxide,0,NN,species,species,species,species,species,species,entertainment,entertainment,entertainment,entertainment,entertainment,entertainment,0.4631398,0.46003148,0.4631398,0.4512561,0.4631398,0.4588719
105,plant,0,NN,species,species,species,species,species,species,entertainment,entertainment,entertainment,entertainment,entertainment,entertainment,0.4568463,0.4568463,0.45884025,0.4473264,0.45884025,0.45533726
106,olive,0,JJ,species,species,species,species,species,species,entertainment,entertainment,entertainment,entertainment,entertainment,entertainment,0.4631398,0.4954294,0.4631398,0.4512561,0.4631398,0.4588719
107,inert,0,NN,place,place,place,place,place,place,entertainment,entertainment,entertainment,entertainment,entertainment,entertainment,0.4554164,0.4554164,0.45711562,0.43896762,0.45711562,0.45147642
108,askew,0,JJ,place,place,place,place,place,place,entertainment,entertainment,entertainment,entertainment,entertainment,entertainment,0.4631398,0.4631398,0.4631398,0.4512561,0.4631398,0.470649
109,heist,0,NN,place,place,place,place,place,place,entertainment,entertainment,entertainment,entertainment,entertainment,entertainment,0.4754309,0.48950446,0.4925111,0.47209254,0.4754309,0.48692027
110,shown,0,VBN,place,place,species,place,species,place,entertainment,entertainment,entertainment,entertainment,entertainment,entertainment,0.4927651,0.5026157,0.5026157,0.486352,0.4927651,0.45530313
111,zesty,0,JJ,place,place,place,species,place,place,entertainment,entertainment,entertainment,entertainment,entertainment,entertainment,0.43969,0.4631398,0.49221447,0.46071857,0.4631398,0.4588719
112,trash,0,NN,place,place,place,place,place,place,entertainment,entertainment,entertainment,entertainment,entertainment,entertainment,0.41705987,0.41705987,0.39214748,0.38533574,0.41705987,0.4090757
113,larva,1,NN,species,species,species,species,species,species,entertainment,entertainment,entertainment,entertainment,entertainment,entertainment,0.4631398,0.43897042,0.4631398,0.4512561,0.4631398,0.4588719
114,forgo,1,VBP,place,place,place,place,place,place,entertainment,entertainment,entertainment,entertainment,entertainment,entertainment,0.4631398,0.4631398,0.4631398,0.4512561,0.4631398,0.4588719
115,story,0,NN,place,place,place,place,species,place,entertainment,entertainment,entertainment,entertainment,entertainment,entertainment,0.49802786,0.49085552,0.49085552,0.48256645,0.4865711,0.49106625
116,hairy,0,NN,species,species,species,species,species,species,entertainment,entertainment,entertainment,entertainment,entertainment,entertainment,0.4631398,0.42822188,0.4631398,0.4512561,0.4631398,0.4588719
117,train,0,NN,place,place,place,place,place,place,entertainment,entertainment,entertainment,entertainment,entertainment,entertainment,0.43586648,0.43586648,0.4378761,0.43012777,0.43586648,0.43593234
118,homer,0,NN,species,place,species,species,place,place,entertainment,entertainment,entertainment,entertainment,entertainment,entertainment,0.4344419,0.46805245,0.4344419,0.42814162,0.4631398,0.4588719
119,badge,0,NN,place,species,place,place,place,place,entertainment,entertainment,entertainment,entertainment,entertainment,entertainment,0.471031,0.47378573,0.47669405,0.4621045,0.47378573,0.46944037
120,midst,0,NN,place,place,species,place,species,place,entertainment,entertainment,entertainment,entertainment,entertainment,entertainment,0.46239886,0.46782315,0.46782315,0.45451942,0.46239886,0.46091256
121,canny,1,JJ,place,place,place,species,place,place,entertainment,entertainment,entertainment,entertainment,entertainment,entertainment,0.488251,0.488251,0.488251,0.47262537,0.488251,0.47732568
122,shine,0,NN,place,place,place,place,place,place,entertainment,entertainment,entertainment,entertainment,entertainment,entertainment,0.49520612,0.49520612,0.5015339,0.4824364,0.49520612,0.48527274
123,gecko,0,NN,species,species,species,species,species,species,entertainment,entertainment,entertainment,entertainment,entertainment,entertainment,0.4631398,0.4631398,0.4884131,0.44576886,0.4631398,0.4588719
124,farce,0,NN,place,place,place,place,place,place,entertainment,entertainment,entertainment,entertainment,entertainment,entertainment,0.47824958,0.4875948,0.4709656,0.45746022,0.47156116,0.46339792
125,slung,0,NN,place,place,place,place,place,place,entertainment,entertainment,entertainment,entertainment,entertainment,entertainment,0.44303843,0.4631398,0.4631398,0.4512561,0.44303843,0.4470048
126,tipsy,0,NN,place,place,species,place,species,place,entertainment,entertainment,entertainment,entertainment,entertainment,entertainment,0.44165796,0.46313983,0.46313983,0.4512561,0.46222457,0.4588719
127,metal,0,JJ,place,place,place,place,place,place,entertainment,entertainment,entertainment,entertainment,entertainment,entertainment,0.45817426,0.45817426,0.470587,0.4584237,0.45817426,0.4620334
128,yield,0,NN,place,place,species,place,place,place,entertainment,entertainment,entertainment,entertainment,entertainment,entertainment,0.4631398,0.46003148,0.45114434,0.43747595,0.43652797,0.47395357
129,delve,1,NN,place,place,place,place,place,agent,entertainment,entertainment,entertainment,entertainment,entertainment,entertainment,0.473312,0.47640923,0.47640923,0.46392843,0.473312,0.4702949
130,being,0,VBG,place,place,place,place,place,place,entertainment,entertainment,entertainment,entertainment,entertainment,entertainment,0.44558403,0.44558403,0.4299068,0.416593,0.44558403,0.43363544
131,scour,0,JJ,place,place,place,place,place,place,entertainment,entertainment,entertainment,entertainment,entertainment,entertainment,0.4576751,0.4576751,0.4576751,0.44005913,0.4576751,0.4588719
132,glass,1,NN,place,place,place,place,place,place,entertainment,entertainment,entertainment,entertainment,entertainment,entertainment,0.48763022,0.48763022,0.4963966,0.4788562,0.48763022,0.48797873
133,gamer,0,NN,agent,place,species,place,place,place,entertainment,entertainment,entertainment,entertainment,entertainment,entertainment,0.4631398,0.4834316,0.4834316,0.46538872,0.4631398,0.47555786
134,scrap,0,NN,place,place,place,place,place,place,entertainment,entertainment,entertainment,entertainment,entertainment,entertainment,0.42337185,0.41936177,0.42337185,0.41097322,0.42337185,0.42159098
135,money,0,NN,place,place,place,place,place,place,entertainment,entertainment,entertainment,entertainment,entertainment,entertainment,0.39367038,0.41487387,0.4061998,0.39443734,0.42226467,0.41599524
136,hinge,0,NN,place,place,place,place,place,place,entertainment,entertainment,entertainment,entertainment,entertainment,entertainment,0.46387133,0.46005705,0.46387133,0.450477,0.46387133,0.4558691
137,album,0,RB,work,species,species,species,work,species,entertainment,entertainment,entertainment,entertainment,entertainment,entertainment,0.50637764,0.50637764,0.50637764,0.4911694,0.50637764,0.49667227
138,vouch,0,JJ,place,place,place,place,species,place,entertainment,entertainment,entertainment,entertainment,entertainment,entertainment,0.4631398,0.43203363,0.4631398,0.4512561,0.4631398,0.4588719
139,asset,1,NN,place,place,place,place,place,place,entertainment,entertainment,entertainment,entertainment,entertainment,entertainment,0.47968784,0.47968784,0.47968784,0.46583074,0.47968784,0.470649
140,tiara,1,NN,place,place,place,place,place,place,entertainment,entertainment,entertainment,entertainment,entertainment,entertainment,0.4631398,0.4631398,0.4631398,0.4512561,0.4631398,0.4588719
141,crept,0,VBD,place,place,place,place,place,place,entertainment,entertainment,entertainment,entertainment,entertainment,entertainment,0.4631398,0.4631398,0.4631398,0.4512561,0.45711562,0.4588719
142,bayou,0,JJ,place,place,place,place,place,place,entertainment,entertainment,entertainment,entertainment,entertainment,entertainment,0.4631398,0.4631398,0.4631398,0.4512561,0.4631398,0.4588719
143,atoll,1,NN,place,place,place,place,place,place,entertainment,entertainment,entertainment,entertainment,entertainment,entertainment,0.48396027,0.4631398,0.4631398,0.4512561,0.48396027,0.4588719
144,manor,0,NN,place,place,place,place,place,place,entertainment,entertainment,entertainment,entertainment,entertainment,entertainment,0.4631398,0.43897042,0.4631398,0.4512561,0.4631398,0.4588719
145,creak,0,NN,place,place,place,place,place,place,entertainment,entertainment,entertainment,entertainment,entertainment,entertainment,0.45216036,0.4834316,0.4631398,0.4512561,0.4631398,0.4588719
146,showy,0,JJ,place,species,species,species,species,species,entertainment,entertainment,entertainment,entertainment,entertainment,entertainment,0.48431432,0.49383694,0.49383694,0.47775576,0.48431432,0.4838566
147,peach,0,NN,place,place,species,species,species,place,entertainment,entertainment,entertainment,entertainment,entertainment,entertainment,0.45216036,0.48187557,0.4631398,0.4512561,0.4631398,0.4588719
148,froth,0,NN,place,place,place,place,place,place,entertainment,entertainment,entertainment,entertainment,entertainment,entertainment,0.50750244,0.4631398,0.4631398,0.4512561,0.4631398,0.44039848
149,depth,0,NN,place,place,place,place,place,place,entertainment,entertainment,entertainment,entertainment,entertainment,entertainment,0.4788839,0.49221447,0.49221447,0.4907132,0.4971346,0.4935972
150,gloom,1,NN,place,place,place,place,place,place,entertainment,entertainment,entertainment,entertainment,entertainment,entertainment,0.44381803,0.3909106,0.46216846,0.44569725,0.45326757,0.45648506
151,flood,1,NN,place,place,place,place,place,place,entertainment,entertainment,entertainment,entertainment,entertainment,entertainment,0.44721,0.41575706,0.44721,0.43560898,0.44370598,0.44369698
152,trait,1,NN,species,species,place,place,species,species,entertainment,entertainment,entertainment,entertainment,entertainment,entertainment,0.4631398,0.4631398,0.4378761,0.43012777,0.4631398,0.4588719
153,girth,0,NN,place,place,place,place,place,place,entertainment,entertainment,entertainment,entertainment,entertainment,entertainment,0.50750244,0.4631398,0.4631398,0.4512561,0.4631398,0.4588719
154,piety,0,NN,place,place,place,place,place,place,entertainment,entertainment,entertainment,entertainment,entertainment,entertainment,0.44478652,0.4631398,0.49221447,0.46071857,0.4631398,0.4588719
155,goose,1,VBP,place,place,place,place,place,place,entertainment,entertainment,entertainment,entertainment,entertainment,entertainment,0.4545921,0.4545921,0.45731455,0.44154364,0.4545921,0.4490705
156,float,0,NN,place,place,place,place,place,place,entertainment,entertainment,entertainment,entertainment,entertainment,entertainment,0.45180652,0.42510408,0.45180652,0.4394608,0.45180652,0.44713756
157,donor,1,NN,species,place,place,place,species,place,entertainment,entertainment,entertainment,entertainment,entertainment,entertainment,0.4631398,0.4631398,0.4631398,0.4512561,0.4631398,0.4588719
158,atone,0,NN,place,place,place,place,place,place,entertainment,entertainment,entertainment,entertainment,entertainment,entertainment,0.46313983,0.46313983,0.46313983,0.4512561,0.46313983,0.4588719
159,primo,0,NN,place,place,species,species,species,place,entertainment,entertainment,entertainment,entertainment,entertainment,entertainment,0.46313983,0.46313983,0.44883984,0.43619347,0.46313983,0.44039848
160,apron,0,VBP,place,place,place,place,place,place,entertainment,entertainment,entertainment,entertainment,entertainment,entertainment,0.4631398,0.43897042,0.4631398,0.4512561,0.4631398,0.4588719
161,blown,0,VBN,place,place,place,place,place,place,entertainment,entertainment,entertainment,entertainment,entertainment,entertainment,0.40758342,0.3939218,0.4241225,0.41550735,0.4226967,0.42201626
162,cacao,2,NNS,place,species,species,species,species,species,entertainment,entertainment,entertainment,entertainment,entertainment,entertainment,0.4631398,0.4631398,0.4631398,0.4512561,0.4631398,0.4588719
163,loser,0,RBR,place,place,species,species,species,species,entertainment,entertainment,entertainment,entertainment,entertainment,entertainment,0.43437365,0.43437365,0.39799398,0.39103684,0.43437365,0.4246287
164,input,0,NN,place,place,species,place,place,place,entertainment,entertainment,entertainment,entertainment,entertainment,entertainment,0.4631398,0.4631398,0.4631398,0.4512561,0.4631398,0.4588719
165,gloat,0,NN,place,place,place,place,place,place,entertainment,entertainment,entertainment,entertainment,entertainment,entertainment,0.4631398,0.43675643,0.4631398,0.4512561,0.4631398,0.4588719
166,awful,0,JJ,place,place,species,species,place,place,entertainment,entertainment,entertainment,entertainment,entertainment,entertainment,0.4578143,0.4578143,0.4578143,0.44348145,0.4578143,0.44856673
167,brink,0,NN,place,place,species,species,species,place,entertainment,entertainment,entertainment,entertainment,entertainment,entertainment,0.44169223,0.44169223,0.42242315,0.41137055,0.44169223,0.4368818
168,smite,0,NN,place,place,place,place,place,place,entertainment,entertainment,entertainment,entertainment,entertainment,entertainment,0.4631398,0.4631398,0.4631398,0.4512561,0.4631398,0.4588719
169,beady,0,JJ,place,place,place,place,place,place,entertainment,entertainment,entertainment,entertainment,entertainment,entertainment,0.45216036,0.48187557,0.4631398,0.4512561,0.4631398,0.4588719
170,rusty,0,JJ,place,place,place,place,place,place,entertainment,entertainment,entertainment,entertainment,entertainment,entertainment,0.44165796,0.44165796,0.4371912,0.42643985,0.44165796,0.43456098
171,retro,1,NN,place,place,place,place,place,place,entertainment,entertainment,entertainment,entertainment,entertainment,entertainment,0.4681219,0.48195985,0.47879675,0.46523637,0.47879675,0.4781776
172,droll,1,NN,place,place,species,species,place,place,entertainment,entertainment,entertainment,entertainment,entertainment,entertainment,0.5131376,0.5131376,0.49388635,0.47903904,0.4802499,0.4845652
173,gawky,0,NN,place,place,species,place,place,place,entertainment,entertainment,entertainment,entertainment,entertainment,entertainment,0.48449686,0.48449686,0.48449686,0.47260973,0.48449686,0.47702205
174,hutch,1,NN,agent,place,place,place,place,species,entertainment,entertainment,entertainment,entertainment,entertainment,entertainment,0.50750244,0.4631398,0.4631398,0.4512561,0.4631398,0.4588719
175,pinto,0,NN,agent,place,place,place,place,place,entertainment,entertainment,entertainment,entertainment,entertainment,entertainment,0.50750244,0.4631398,0.4631398,0.4512561,0.4631398,0.4588719
176,egret,1,JJ,place,place,place,place,place,place,entertainment,entertainment,entertainment,entertainment,entertainment,entertainment,0.4631398,0.4631398,0.45711562,0.44541085,0.45711562,0.4588719
177,lilac,1,NN,place,place,species,species,species,place,entertainment,entertainment,entertainment,entertainment,entertainment,entertainment,0.44819066,0.4631398,0.4631398,0.4512561,0.4631398,0.4588719
178,sever,1,NN,place,place,place,place,place,place,entertainment,entertainment,entertainment,entertainment,entertainment,entertainment,0.43571144,0.43571144,0.40431333,0.3989977,0.43571144,0.43091074
179,field,0,NN,place,place,place,place,place,place,entertainment,entertainment,entertainment,entertainment,entertainment,entertainment,0.48084316,0.4752936,0.46522504,0.4508411,0.45083615,0.47395357
180,fluff,2,NN,place,place,place,place,place,place,entertainment,entertainment,entertainment,entertainment,entertainment,entertainment,0.43438694,0.40261626,0.44959491,0.43731174,0.44839957,0.44164747
181,agape,1,NN,place,place,place,place,place,place,entertainment,entertainment,entertainment,entertainment,entertainment,entertainment,0.44806135,0.45904738,0.462108,0.44451603,0.47884992,0.45577574
182,voice,0,NN,agent,agent,species,agent,agent,agent,entertainment,entertainment,entertainment,entertainment,entertainment,entertainment,0.49279824,0.4893898,0.49279824,0.4747021,0.49279824,0.46669596
183,stead,0,VBD,place,place,place,place,place,place,entertainment,entertainment,entertainment,entertainment,entertainment,entertainment,0.4631398,0.4631398,0.47968784,0.46583074,0.4631398,0.470649
184,berth,0,JJ,species,place,species,place,species,place,sport,entertainment,entertainment,sport,entertainment,entertainment,0.44478652,0.4631398,0.4631398,0.44541085,0.4631398,0.4588719
185,madam,2,NNS,place,place,place,place,place,place,entertainment,sport,entertainment,entertainment,entertainment,entertainment,0.4631398,0.4631398,0.4631398,0.4512561,0.4631398,0.47702205
186,night,0,NN,place,place,species,place,place,place,entertainment,entertainment,entertainment,entertainment,entertainment,entertainment,0.46863085,0.46863085,0.46863085,0.45512298,0.46863085,0.46164605
187,bland,0,VBP,species,species,species,species,species,place,entertainment,entertainment,entertainment,entertainment,entertainment,entertainment,0.47535533,0.47258675,0.47058925,0.45349059,0.47258675,0.4628293
188,liver,0,RB,species,species,species,species,species,species,entertainment,entertainment,entertainment,entertainment,entertainment,entertainment,0.4587615,0.4569839,0.42222124,0.41518953,0.4229103,0.4450101
189,wedge,1,VBP,place,place,place,place,place,agent,entertainment,entertainment,entertainment,entertainment,entertainment,entertainment,0.44835365,0.4428065,0.44835365,0.43503755,0.44835365,0.44375247
190,roomy,1,JJ,place,agent,place,place,species,place,entertainment,entertainment,entertainment,entertainment,entertainment,entertainment,0.46313983,0.48107642,0.46313983,0.4512561,0.46313983,0.4588719
191,wacky,0,JJ,place,place,species,species,place,place,entertainment,entertainment,entertainment,entertainment,entertainment,entertainment,0.4772977,0.4772977,0.4772977,0.4624964,0.4772977,0.46844462
192,flock,0,NN,place,place,place,place,place,place,entertainment,entertainment,entertainment,entertainment,entertainment,entertainment,0.4631398,0.43203363,0.4631398,0.4512561,0.4611317,0.4588719
193,angry,0,JJ,place,place,place,place,place,place,entertainment,entertainment,entertainment,entertainment,entertainment,entertainment,0.41590017,0.39305526,0.41590017,0.40318736,0.41590017,0.41253114
194,trite,1,JJ,place,place,place,place,place,place,entertainment,entertainment,entertainment,entertainment,entertainment,entertainment,0.42635813,0.44599965,0.4476784,0.4451364,0.44599965,0.45377365
195,aphid,0,NN,place,place,species,place,place,place,entertainment,entertainment,entertainment,entertainment,entertainment,entertainment,0.4631398,0.4631398,0.4631398,0.4512561,0.4631398,0.4588719
196,tryst,1,NN,place,place,place,place,species,place,entertainment,entertainment,entertainment,entertainment,entertainment,entertainment,0.46222457,0.4631398,0.4631398,0.4512561,0.46222457,0.44039848
197,midge,0,NN,place,place,species,species,species,species,entertainment,entertainment,entertainment,entertainment,entertainment,entertainment,0.4631398,0.4752936,0.4631398,0.4512561,0.4631398,0.4588719
198,power,0,NN,place,agent,place,place,place,place,entertainment,entertainment,entertainment,entertainment,entertainment,entertainment,0.4292789,0.46262902,0.4292789,0.42360786,0.45985267,0.45608962
199,elope,1,NN,place,place,place,place,place,agent,entertainment,entertainment,entertainment,entertainment,entertainment,entertainment,0.4631398,0.46003148,0.4631398,0.4512561,0.4631398,0.4588719
200,cinch,1,NN,place,place,place,place,species,place,entertainment,entertainment,entertainment,entertainment,entertainment,entertainment,0.4631398,0.43203363,0.48263696,0.4512561,0.4631398,0.4588719
201,motto,2,NN,agent,place,place,place,place,place,entertainment,entertainment,entertainment,entertainment,entertainment,entertainment,0.50750244,0.4631398,0.4631398,0.4512561,0.4631398,0.4588719
202,stomp,0,NN,place,place,species,place,species,place,entertainment,entertainment,entertainment,entertainment,entertainment,entertainment,0.4536637,0.4536637,0.4536637,0.44063368,0.4536637,0.49738923
203,upset,0,JJ,species,species,species,species,species,species,sport,sport,sport,sport,sport,sport,0.44569236,0.44569236,0.44569236,0.4419966,0.4294683,0.43934673
204,bluff,1,NN,place,place,place,place,place,place,entertainment,entertainment,entertainment,entertainment,entertainment,entertainment,0.45079854,0.4182401,0.45079854,0.4379294,0.44519043,0.44605508
205,cramp,0,NN,place,place,place,place,place,place,entertainment,entertainment,entertainment,entertainment,entertainment,entertainment,0.4631398,0.4631398,0.4631398,0.4512561,0.5011362,0.4588719
206,quart,0,NN,place,place,place,place,place,place,entertainment,entertainment,entertainment,entertainment,entertainment,entertainment,0.4631398,0.4631398,0.4631398,0.4512561,0.4631398,0.4588719
207,coyly,1,NN,place,place,place,place,place,place,entertainment,entertainment,entertainment,entertainment,entertainment,entertainment,0.4631398,0.43203363,0.48263696,0.4221148,0.43203363,0.42487174
208,youth,0,NN,agent,agent,place,place,place,agent,entertainment,entertainment,entertainment,entertainment,entertainment,entertainment,0.50750244,0.5153285,0.5153285,0.5012701,0.5153285,0.50567627
209,rhyme,0,NN,place,place,place,place,place,place,entertainment,entertainment,entertainment,entertainment,entertainment,entertainment,0.45364088,0.4553151,0.45364088,0.44060248,0.45364088,0.44831586
210,buggy,1,JJ,species,species,species,place,species,place,entertainment,entertainment,entertainment,entertainment,entertainment,entertainment,0.45600465,0.41874143,0.45600465,0.4425849,0.45600465,0.452102
211,alien,0,JJ,place,species,species,species,species,place,entertainment,entertainment,entertainment,entertainment,entertainment,entertainment,0.457962,0.46106812,0.46106812,0.44767544,0.45873946,0.45464256
212,smear,0,JJ,place,place,place,place,place,place,entertainment,entertainment,entertainment,entertainment,entertainment,entertainment,0.42318174,0.44308132,0.45578602,0.4385583,0.44308132,0.44744855
213,unfit,0,JJ,place,place,species,place,place,place,entertainment,entertainment,entertainment,entertainment,entertainment,entertainment,0.4631398,0.4631398,0.4631398,0.4512561,0.4631398,0.4588719
214,patty,1,NN,species,place,species,species,species,species,entertainment,entertainment,entertainment,entertainment,entertainment,entertainment,0.44357038,0.4631398,0.42126483,0.4512561,0.4631398,0.4588719
215,cling,0,VBG,place,place,place,place,place,place,entertainment,entertainment,entertainment,entertainment,entertainment,entertainment,0.43679145,0.40151352,0.4470187,0.39437926,0.4331106,0.42732465
216,glean,0,JJ,species,species,place,place,place,place,entertainment,entertainment,entertainment,entertainment,entertainment,entertainment,0.4631398,0.4631398,0.4631398,0.4512561,0.4644867,0.45464256
217,label,1,NN,agent,species,species,species,species,agent,entertainment,entertainment,entertainment,entertainment,entertainment,entertainment,0.47106656,0.4776515,0.4776515,0.46352544,0.4968975,0.475472
218,hunky,0,NN,place,species,place,place,species,place,entertainment,entertainment,entertainment,entertainment,entertainment,entertainment,0.49396214,0.4637462,0.49396214,0.4796848,0.49396214,0.48493454
219,khaki,1,NN,place,place,place,place,place,place,entertainment,entertainment,entertainment,entertainment,entertainment,entertainment,0.4631398,0.46524328,0.46141765,0.44614053,0.5011362,0.45322502
220,poker,0,NN,species,agent,species,place,place,place,entertainment,entertainment,entertainment,entertainment,entertainment,entertainment,0.4344419,0.46805245,0.4344419,0.42814162,0.4631398,0.4588719
221,gruel,0,NN,agent,agent,place,place,place,place,entertainment,entertainment,entertainment,entertainment,entertainment,entertainment,0.47458097,0.46805245,0.4631398,0.4512561,0.43652797,0.4588719
222,twice,0,RB,place,place,place,place,species,place,entertainment,entertainment,entertainment,entertainment,entertainment,entertainment,0.4284285,0.4486882,0.44853586,0.43796134,0.4486882,0.44148162
223,twang,0,VBD,place,place,species,place,place,place,entertainment,entertainment,entertainment,entertainment,entertainment,entertainment,0.46313983,0.46313983,0.45884025,0.4512561,0.46313983,0.4628292
224,shrug,0,JJ,place,place,place,place,place,place,entertainment,entertainment,entertainment,entertainment,entertainment,entertainment,0.43123585,0.43123585,0.43699747,0.4226956,0.43123585,0.42904088
225,treat,1,NN,place,place,species,place,species,place,entertainment,entertainment,entertainment,entertainment,entertainment,entertainment,0.4310259,0.4310259,0.45832375,0.44454852,0.46230108,0.4719342
226,waste,0,NN,place,place,place,place,place,place,entertainment,entertainment,entertainment,entertainment,entertainment,entertainment,0.42230874,0.4176041,0.4176041,0.40703744,0.42230874,0.40700343
227,merit,0,NN,place,place,place,place,place,place,entertainment,entertainment,entertainment,entertainment,entertainment,entertainment,0.49912795,0.49321997,0.490101,0.47736707,0.490101,0.4919758
228,woven,0,VBN,species,species,species,species,species,species,entertainment,entertainment,entertainment,entertainment,entertainment,entertainment,0.45660928,0.48232898,0.47619936,0.4596356,0.4894097,0.4808294
229,needy,1,JJ,place,place,place,place,place,place,entertainment,entertainment,entertainment,entertainment,entertainment,entertainment,0.47138453,0.47138453,0.46121335,0.44644225,0.47138453,0.46267718
230,clown,0,NN,place,place,place,place,place,place,entertainment,entertainment,entertainment,entertainment,entertainment,entertainment,0.47928146,0.4458951,0.4954986,0.43386078,0.42945987,0.47091243
231,irony,0,NN,place,place,species,species,species,place,entertainment,entertainment,entertainment,entertainment,entertainment,entertainment,0.48031148,0.48031148,0.46294025,0.4483766,0.48031148,0.4453896
232,ruder,1,NN,species,place,species,species,place,place,entertainment,entertainment,entertainment,entertainment,entertainment,entertainment,0.4344419,0.4553151,0.4344419,0.42814162,0.4631398,0.4588719
233,gauze,0,NN,place,species,place,place,place,place,entertainment,entertainment,entertainment,entertainment,entertainment,entertainment,0.471031,0.47378573,0.46621624,0.45149443,0.4631398,0.4596588
234,chief,0,NN,agent,agent,place,place,agent,place,entertainment,entertainment,entertainment,entertainment,entertainment,entertainment,0.44871837,0.47195423,0.47196957,0.45489866,0.47843242,0.4622378
235,onset,0,VBN,place,place,place,species,place,place,entertainment,entertainment,entertainment,entertainment,entertainment,entertainment,0.4631398,0.4631398,0.4631398,0.46071857,0.44774792,0.4588719
236,prize,0,NN,place,agent,place,place,species,agent,entertainment,entertainment,entertainment,entertainment,entertainment,entertainment,0.5468125,0.5397001,0.5397001,0.52547026,0.5468125,0.5547546
237,fungi,0,NNS,species,species,species,species,species,species,entertainment,entertainment,entertainment,entertainment,entertainment,entertainment,0.4631398,0.43203363,0.4631398,0.4512561,0.4631398,0.4588719
238,charm,0,VBP,place,place,place,place,place,place,entertainment,entertainment,entertainment,entertainment,entertainment,entertainment,0.50867325,0.50867325,0.5011362,0.48506632,0.5011362,0.4914963
239,gully,1,RB,place,place,place,place,place,place,entertainment,entertainment,entertainment,entertainment,entertainment,entertainment,0.4631398,0.43203363,0.4631398,0.4512561,0.43203363,0.4588719
240,inter,0,JJ,place,place,place,place,place,place,entertainment,entertainment,sport,entertainment,entertainment,sport,0.45631322,0.4552808,0.4494606,0.44541085,0.4494606,0.442179
241,whoop,1,NN,species,place,place,place,species,species,entertainment,entertainment,entertainment,entertainment,entertainment,entertainment,0.44019875,0.41564763,0.44849288,0.43510118,0.44019875,0.46223843
242,taunt,1,NN,place,place,place,place,place,place,entertainment,entertainment,entertainment,entertainment,entertainment,entertainment,0.4631398,0.43675643,0.4631398,0.4777577,0.4631398,0.4588719
243,leery,1,JJ,place,place,species,place,place,place,entertainment,entertainment,entertainment,entertainment,entertainment,entertainment,0.43451774,0.4043272,0.4043272,0.39821717,0.43652797,0.4281626
244,class,1,NN,place,place,species,place,species,place,entertainment,entertainment,entertainment,entertainment,entertainment,entertainment,0.45405674,0.45405674,0.45405674,0.44307682,0.45405674,0.44709277
245,theme,1,NN,place,place,place,place,place,place,entertainment,entertainment,entertainment,entertainment,entertainment,entertainment,0.50764316,0.52700466,0.51599354,0.49920446,0.52700466,0.5163966
246,lofty,0,VBD,place,place,place,place,place,place,entertainment,entertainment,entertainment,entertainment,entertainment,entertainment,0.4870477,0.4870477,0.4870477,0.47320262,0.48090532,0.4780285
247,tibia,1,JJ,place,place,species,species,species,species,entertainment,entertainment,entertainment,entertainment,entertainment,entertainment,0.4631398,0.4631398,0.49898824,0.4777577,0.4631398,0.4588719
248,booze,1,NN,place,place,place,place,place,agent,entertainment,entertainment,entertainment,entertainment,entertainment,entertainment,0.4631398,0.46003148,0.4631398,0.4512561,0.4631398,0.4588719
249,alpha,1,NN,species,place,species,species,species,species,entertainment,entertainment,entertainment,entertainment,entertainment,entertainment,0.47561687,0.47561687,0.47561687,0.46256545,0.47561687,0.5029861
250,thyme,0,VBD,species,place,species,species,species,species,entertainment,entertainment,entertainment,entertainment,entertainment,entertainment,0.44478652,0.4631398,0.51599354,0.49920446,0.52700466,0.5163966
251,doubt,0,NN,place,place,species,place,place,place,entertainment,entertainment,entertainment,entertainment,entertainment,entertainment,0.45036384,0.45036384,0.45036384,0.43635345,0.45036384,0.44431078
252,parer,1,NN,agent,place,place,place,place,place,entertainment,entertainment,entertainment,entertainment,entertainment,entertainment,0.4631398,0.4834316,0.4834316,0.46538872,0.4631398,0.47555786
253,chute,0,NN,place,place,place,place,place,place,entertainment,entertainment,entertainment,entertainment,entertainment,entertainment,0.44478652,0.4631398,0.4631398,0.4512561,0.4631398,0.42859405
254,stick,0,JJ,place,place,place,place,species,place,entertainment,entertainment,entertainment,entertainment,entertainment,entertainment,0.44613695,0.44613695,0.44613695,0.43324074,0.44613695,0.4403032
255,trice,0,NN,place,place,place,place,place,place,entertainment,entertainment,entertainment,entertainment,entertainment,entertainment,0.44478646,0.46313983,0.46313983,0.4512561,0.46313983,0.4588719
256,alike,0,RB,species,species,place,place,place,place,entertainment,entertainment,entertainment,entertainment,entertainment,entertainment,0.4656557,0.4656557,0.46534646,0.450554,0.46072397,0.45833033
257,recap,0,JJ,place,place,place,place,place,place,entertainment,entertainment,entertainment,entertainment,entertainment,entertainment,0.45216036,0.4631398,0.4631398,0.4512561,0.4631398,0.4588719
258,saint,0,NN,place,place,place,place,place,place,entertainment,entertainment,entertainment,entertainment,entertainment,entertainment,0.4631398,0.4631398,0.4631398,0.4512561,0.4631398,0.4588719
259,glory,0,NN,place,place,place,place,place,place,entertainment,entertainment,entertainment,entertainment,entertainment,entertainment,0.49301034,0.49301034,0.49301034,0.47623932,0.48621088,0.48477274
260,grate,0,NN,place,place,place,place,place,place,entertainment,entertainment,entertainment,entertainment,entertainment,entertainment,0.4631398,0.4631398,0.4631398,0.4512561,0.4631398,0.4588719
261,admit,0,NN,place,place,place,place,place,place,entertainment,entertainment,entertainment,entertainment,entertainment,entertainment,0.42441785,0.401172,0.42441785,0.4145249,0.42441785,0.4197548
262,brisk,0,JJ,place,place,species,species,place,place,entertainment,entertainment,entertainment,entertainment,entertainment,entertainment,0.4890071,0.4890071,0.47574526,0.46256056,0.4890071,0.46450397
263,soggy,1,JJ,place,place,place,place,place,place,entertainment,entertainment,entertainment,entertainment,entertainment,entertainment,0.42488566,0.43322748,0.43184394,0.42159218,0.42488566,0.42704356
264,usurp,1,JJ,place,place,place,place,place,place,entertainment,entertainment,entertainment,entertainment,entertainment,entertainment,0.46906438,0.44578746,0.44989073,0.43762642,0.46906438,0.44728118
265,scald,0,NN,place,place,species,place,place,place,entertainment,entertainment,entertainment,entertainment,entertainment,entertainment,0.46141765,0.4631398,0.46524328,0.44307682,0.46141765,0.45520332
266,scorn,0,NNS,place,place,place,place,place,place,entertainment,entertainment,entertainment,entertainment,entertainment,entertainment,0.4576751,0.4576751,0.4576751,0.43258044,0.4576751,0.45151198
267,leave,1,VBP,species,place,place,place,place,place,entertainment,entertainment,entertainment,entertainment,entertainment,entertainment,0.42245138,0.43764326,0.42245138,0.41314688,0.4245524,0.41856894
268,twine,0,JJ,species,place,place,place,place,place,entertainment,entertainment,entertainment,entertainment,entertainment,entertainment,0.42842847,0.4631398,0.51599354,0.49920446,0.4631398,0.48527274
269,sting,0,VBG,place,place,species,place,species,species,entertainment,entertainment,entertainment,entertainment,entertainment,entertainment,0.4651082,0.4651082,0.4651082,0.45040652,0.4651082,0.4461537
270,bough,0,IN,place,place,species,place,species,place,entertainment,entertainment,entertainment,entertainment,entertainment,entertainment,0.4631398,0.43203363,0.4631398,0.4512561,0.4631398,0.4588719
271,marsh,0,JJ,place,place,place,place,species,place,entertainment,entertainment,entertainment,entertainment,entertainment,entertainment,0.4631398,0.4631398,0.4631398,0.4512561,0.4631398,0.4588719
272,sloth,0,JJ,place,place,place,place,place,place,entertainment,entertainment,entertainment,entertainment,entertainment,entertainment,0.4631398,0.4631398,0.4631398,0.4512561,0.4631398,0.4588719
273,dandy,1,JJ,place,place,species,species,place,place,entertainment,sport,entertainment,entertainment,entertainment,entertainment,0.4631398,0.4631398,0.4631398,0.4512561,0.4631398,0.4588719
274,vigor,0,NN,species,place,place,place,species,place,entertainment,entertainment,entertainment,entertainment,entertainment,entertainment,0.4631398,0.5165299,0.4631398,0.4512561,0.4631398,0.4588719
275,howdy,0,NN,place,place,place,place,place,place,entertainment,entertainment,entertainment,entertainment,entertainment,entertainment,0.4631398,0.43203363,0.4631398,0.4512561,0.4631398,0.4588719
276,enjoy,0,NN,place,place,species,place,place,place,entertainment,entertainment,entertainment,entertainment,entertainment,entertainment,0.5058603,0.5008538,0.49148253,0.47584453,0.5058603,0.4950929
277,valid,0,JJ,place,place,species,species,species,species,entertainment,entertainment,entertainment,entertainment,entertainment,entertainment,0.43961436,0.44467777,0.4418406,0.42692262,0.4418406,0.43595317
278,ionic,1,JJ,species,place,species,place,species,place,entertainment,entertainment,entertainment,entertainment,entertainment,entertainment,0.4631398,0.43203363,0.4631398,0.4221148,0.4631398,0.4588719
279,equal,0,JJ,species,species,place,place,place,place,entertainment,entertainment,entertainment,entertainment,entertainment,entertainment,0.48964733,0.48964733,0.48964733,0.4757919,0.4851962,0.49090806
280,floor,1,NN,place,place,place,place,place,place,entertainment,entertainment,entertainment,entertainment,entertainment,entertainment,0.46149802,0.46149802,0.46149802,0.45078027,0.4611317,0.45635924
281,catch,1,NN,place,place,place,place,place,species,entertainment,entertainment,entertainment,entertainment,entertainment,entertainment,0.44357038,0.44224784,0.44357038,0.43277603,0.44224784,0.43459803
282,spade,0,VBD,place,place,place,place,place,place,entertainment,entertainment,entertainment,entertainment,entertainment,entertainment,0.39909533,0.4472436,0.46265477,0.4489942,0.39909533,0.45758066
283,stein,0,JJ,place,place,place,place,place,agent,entertainment,entertainment,entertainment,entertainment,entertainment,entertainment,0.47662312,0.47662312,0.47662312,0.47298375,0.47336397,0.4688456
284,exist,0,JJ,place,place,species,species,place,place,entertainment,entertainment,entertainment,entertainment,entertainment,entertainment,0.4374496,0.4374496,0.4591222,0.4506257,0.4374496,0.45376554
285,quirk,0,NN,place,place,place,place,species,place,entertainment,entertainment,entertainment,entertainment,entertainment,entertainment,0.4631398,0.4631398,0.4631398,0.4512561,0.4631398,0.4588719
286,denim,0,NN,place,place,place,place,place,place,entertainment,entertainment,entertainment,entertainment,entertainment,entertainment,0.46313983,0.46313983,0.45114434,0.43747598,0.46313983,0.4588719
287,grove,0,NN,place,place,place,place,place,place,entertainment,entertainment,entertainment,entertainment,entertainment,entertainment,0.46313983,0.4680525,0.4680525,0.4532785,0.46313983,0.47328103
288,spiel,0,NN,place,place,place,place,place,place,entertainment,entertainment,entertainment,entertainment,entertainment,entertainment,0.4631398,0.49520612,0.45114434,0.43747595,0.4387439,0.4588719
289,mummy,2,NN,species,species,species,species,species,species,entertainment,entertainment,entertainment,entertainment,entertainment,entertainment,0.49910185,0.46994323,0.49064943,0.47597662,0.49910185,0.48515102
290,fault,0,NN,place,place,place,place,place,place,entertainment,entertainment,entertainment,entertainment,entertainment,entertainment,0.43675643,0.43675643,0.43421146,0.4236698,0.45199051,0.43298662
291,foggy,1,VBD,place,place,place,place,place,place,entertainment,entertainment,entertainment,entertainment,entertainment,entertainment,0.4631398,0.43203363,0.4631398,0.4512561,0.4631398,0.4588719
292,flout,0,NN,place,place,species,place,place,place,entertainment,entertainment,entertainment,entertainment,entertainment,entertainment,0.4631398,0.4631398,0.4631398,0.4512561,0.4631398,0.4588719
293,carry,1,NN,place,place,place,place,place,place,entertainment,entertainment,entertainment,entertainment,entertainment,entertainment,0.4512218,0.42822188,0.4512218,0.43901774,0.4512218,0.44415283
294,sneak,0,VBP,place,place,place,place,place,place,entertainment,entertainment,entertainment,entertainment,entertainment,entertainment,0.42979294,0.44837806,0.44837806,0.4360628,0.42871764,0.4389625
295,libel,1,NN,species,species,species,species,species,species,entertainment,entertainment,entertainment,entertainment,entertainment,entertainment,0.47458097,0.46003148,0.45114434,0.43747595,0.43652797,0.4588719
296,waltz,0,NN,place,place,species,place,place,place,entertainment,entertainment,entertainment,entertainment,entertainment,entertainment,0.486223,0.49229825,0.4480128,0.4744141,0.486223,0.48090994
297,aptly,0,RB,place,place,place,place,place,place,entertainment,entertainment,entertainment,entertainment,entertainment,entertainment,0.48396027,0.48736402,0.48736402,0.47071585,0.48396027,0.47914347
298,piney,0,VBZ,place,place,place,place,place,place,entertainment,entertainment,entertainment,entertainment,entertainment,entertainment,0.39367038,0.46003148,0.45114434,0.43747595,0.4631398,0.4588719
299,inept,0,JJ,place,agent,place,species,place,place,entertainment,entertainment,entertainment,entertainment,entertainment,entertainment,0.4505591,0.4505591,0.4505591,0.44832897,0.44433215,0.44443977
300,aloud,0,JJ,place,place,species,place,species,species,entertainment,entertainment,entertainment,entertainment,entertainment,entertainment,0.4631398,0.4631398,0.4631398,0.4512561,0.4631398,0.4588719
301,photo,1,NN,agent,place,place,place,place,place,entertainment,entertainment,entertainment,entertainment,entertainment,entertainment,0.5541513,0.51667047,0.51667047,0.49977615,0.51667047,0.50892854
302,dream,0,NN,place,place,place,place,place,place,entertainment,entertainment,entertainment,entertainment,entertainment,entertainment,0.47562772,0.512454,0.4837741,0.46943143,0.49079266,0.4758106
303,stale,0,NN,place,place,place,place,place,place,entertainment,entertainment,entertainment,entertainment,entertainment,entertainment,0.41599023,0.41599023,0.4212266,0.40467706,0.4212266,0.40966597
304,begin,0,NN,place,place,place,place,place,place,entertainment,entertainment,entertainment,entertainment,entertainment,entertainment,0.4618614,0.4618614,0.44740346,0.43425596,0.4618614,0.4558174
305,spell,1,VBP,place,agent,place,place,place,place,entertainment,entertainment,entertainment,entertainment,entertainment,entertainment,0.4387439,0.465603,0.4261252,0.41408065,0.4387439,0.4308651
306,rainy,0,JJ,place,place,place,place,place,place,entertainment,entertainment,entertainment,entertainment,entertainment,entertainment,0.45179823,0.45058352,0.45179823,0.43819466,0.45179823,0.4435545
307,unite,0,JJ,place,place,place,place,place,place,entertainment,entertainment,entertainment,entertainment,entertainment,entertainment,0.44478652,0.4631398,0.4631398,0.4512561,0.4631398,0.4558691
308,medal,0,JJ,species,place,place,place,species,place,entertainment,entertainment,entertainment,entertainment,entertainment,entertainment,0.52353877,0.51425725,0.52353877,0.5095285,0.5434181,0.55290794
309,valet,0,NN,place,place,place,place,place,place,entertainment,entertainment,entertainment,entertainment,entertainment,entertainment,0.4631398,0.4631398,0.47968784,0.46583074,0.45817426,0.470649
310,inane,1,NN,place,place,place,place,place,place,entertainment,entertainment,entertainment,entertainment,entertainment,entertainment,0.47649536,0.45176253,0.45714977,0.44321012,0.47053427,0.44849738
311,maple,0,NN,place,species,place,place,place,place,entertainment,entertainment,entertainment,entertainment,entertainment,entertainment,0.4631398,0.4631398,0.46621624,0.45149443,0.48237583,0.4596588
312,snarl,0,NN,place,place,species,place,place,place,entertainment,entertainment,entertainment,entertainment,entertainment,entertainment,0.46141765,0.4631398,0.4631398,0.4512561,0.46141765,0.4588719
313,baker,0,NN,agent,agent,place,place,place,agent,entertainment,entertainment,entertainment,entertainment,entertainment,entertainment,0.4631398,0.4834316,0.4834316,0.46538872,0.4631398,0.47555786
314,there,1,RB,place,place,place,place,place,place,entertainment,entertainment,entertainment,entertainment,entertainment,entertainment,0.42573076,0.4426133,0.44028288,0.42939842,0.4426133,0.43540356
315,glyph,0,VBZ,place,place,place,place,place,place,entertainment,entertainment,entertainment,entertainment,entertainment,entertainment,0.4631398,0.43203363,0.4631398,0.4512561,0.4331106,0.4588719
316,avert,0,NN,place,place,place,place,place,place,entertainment,entertainment,entertainment,entertainment,entertainment,entertainment,0.4359183,0.4359183,0.4359183,0.42549372,0.436542,0.44710255
317,brave,0,NN,place,place,place,place,place,place,entertainment,entertainment,entertainment,entertainment,entertainment,entertainment,0.48378673,0.4908314,0.4908314,0.47379658,0.5156908,0.49112168
318,axiom,0,JJ,place,place,place,place,place,place,entertainment,entertainment,entertainment,entertainment,entertainment,entertainment,0.46313983,0.46313983,0.46313983,0.4512561,0.46313983,0.4588719
319,prime,0,JJ,agent,agent,place,place,agent,agent,entertainment,entertainment,entertainment,entertainment,entertainment,entertainment,0.48225668,0.4680525,0.4680525,0.4532785,0.48225668,0.48139918
320,drive,0,NN,place,place,place,place,place,place,entertainment,entertainment,entertainment,entertainment,entertainment,entertainment,0.45216858,0.45607293,0.45607293,0.44326192,0.45216858,0.45539185
321,feast,0,NN,place,place,place,place,place,place,entertainment,entertainment,entertainment,entertainment,entertainment,entertainment,0.50494504,0.50494504,0.50494504,0.48784915,0.50494504,0.5036567
322,itchy,0,JJ,agent,place,species,species,species,species,entertainment,entertainment,entertainment,entertainment,entertainment,entertainment,0.50750244,0.4631398,0.4631398,0.4512561,0.4631398,0.4588719
323,clean,0,JJ,species,species,place,place,place,place,entertainment,entertainment,entertainment,entertainment,entertainment,entertainment,0.4656243,0.4656243,0.4644867,0.45188904,0.4644867,0.45433113
324,happy,1,JJ,agent,place,species,species,place,species,entertainment,entertainment,entertainment,entertainment,entertainment,entertainment,0.4946499,0.4718438,0.4946499,0.48159125,0.4946499,0.484415
325,tepid,0,NN,place,place,place,place,place,place,entertainment,entertainment,entertainment,entertainment,entertainment,entertainment,0.4652315,0.51215017,0.48333958,0.4669017,0.47558454,0.47540236
326,undue,1,JJ,place,agent,place,place,place,place,entertainment,entertainment,entertainment,entertainment,entertainment,entertainment,0.4631398,0.4675989,0.4631398,0.4512561,0.4631398,0.4558691
327,study,0,NN,place,place,species,place,species,place,entertainment,entertainment,entertainment,entertainment,entertainment,entertainment,0.5152791,0.5152791,0.5152791,0.5021858,0.5152791,0.5067949
328,eject,1,VBP,place,place,species,place,species,place,entertainment,entertainment,entertainment,entertainment,entertainment,entertainment,0.4631398,0.4631398,0.4631398,0.4512561,0.45711562,0.4588719
329,chafe,0,JJ,place,place,place,place,place,place,entertainment,entertainment,entertainment,entertainment,entertainment,entertainment,0.45216036,0.45904738,0.4631398,0.4512561,0.48483622,0.4588719
330,torso,1,NN,place,place,place,place,place,place,entertainment,entertainment,entertainment,entertainment,entertainment,entertainment,0.44165796,0.4631398,0.49085552,0.45086768,0.46222457,0.4588719
331,adore,0,RB,place,place,place,place,place,place,entertainment,entertainment,entertainment,entertainment,entertainment,entertainment,0.44960508,0.484774,0.46161753,0.44626313,0.46401405,0.45523593
332,woken,0,JJ,place,place,place,place,place,place,entertainment,entertainment,entertainment,entertainment,entertainment,entertainment,0.4344419,0.46003148,0.45114434,0.43747595,0.4631398,0.4588719
333,amber,0,NN,place,place,place,place,place,place,entertainment,entertainment,entertainment,entertainment,entertainment,entertainment,0.48926783,0.4834316,0.4834316,0.46538872,0.48926783,0.47555786
334,joust,0,NN,place,place,species,place,species,place,entertainment,entertainment,entertainment,entertainment,entertainment,entertainment,0.46222457,0.4631398,0.4631398,0.43635345,0.46222457,0.44431078
335,infer,0,NN,place,place,species,place,place,place,entertainment,entertainment,entertainment,entertainment,entertainment,entertainment,0.4344419,0.46805245,0.4344419,0.42814162,0.4631398,0.45147642
336,braid,0,NN,place,place,place,place,place,place,entertainment,entertainment,entertainment,entertainment,entertainment,entertainment,0.4631398,0.4631398,0.4631398,0.4512561,0.5011362,0.4588719
337,knock,1,NN,place,place,place,place,species,place,entertainment,sport,entertainment,entertainment,entertainment,entertainment,0.42307147,0.3947957,0.42307147,0.4122989,0.42307147,0.4183769
338,naive,0,JJ,place,species,place,place,place,place,entertainment,entertainment,entertainment,entertainment,entertainment,entertainment,0.4624461,0.44998264,0.4611615,0.44794276,0.44998264,0.43953764
339,apply,1,RB,agent,work,species,species,place,place,entertainment,entertainment,entertainment,entertainment,entertainment,entertainment,0.4545803,0.4962475,0.4545803,0.440273,0.4545803,0.4485375
340,spoke,0,VBD,agent,agent,place,place,place,agent,entertainment,entertainment,entertainment,entertainment,entertainment,entertainment,0.49520612,0.49520612,0.4631398,0.4512561,0.49520612,0.4588719
341,usual,1,JJ,place,place,species,species,place,place,entertainment,entertainment,entertainment,entertainment,entertainment,entertainment,0.4524404,0.47232166,0.46432823,0.45211777,0.4616774,0.4563627
342,rival,0,JJ,place,place,place,place,place,place,entertainment,entertainment,entertainment,entertainment,entertainment,entertainment,0.45196524,0.43268177,0.45196524,0.44038484,0.45196524,0.450158
343,probe,0,NN,place,place,place,place,place,place,entertainment,entertainment,entertainment,entertainment,entertainment,entertainment,0.42172754,0.45484275,0.45484275,0.44183788,0.42172754,0.46374083
344,chord,0,NN,species,species,species,place,species,place,entertainment,entertainment,entertainment,entertainment,entertainment,entertainment,0.4523968,0.4523968,0.4528198,0.44005913,0.4523968,0.44639874
345,taper,0,NN,place,place,place,place,place,place,entertainment,entertainment,entertainment,entertainment,entertainment,entertainment,0.4631398,0.4631398,0.4359183,0.4512561,0.4670873,0.47555786
346,slate,0,NN,place,place,place,place,place,place,entertainment,entertainment,entertainment,entertainment,entertainment,entertainment,0.4631398,0.4631398,0.4631398,0.4512561,0.4631398,0.4588719
347,third,0,JJ,agent,place,species,place,place,place,entertainment,entertainment,entertainment,entertainment,entertainment,entertainment,0.50584704,0.46395364,0.49151817,0.45086768,0.46395364,0.4568474
348,lunar,0,JJ,place,place,place,place,place,place,entertainment,entertainment,entertainment,entertainment,entertainment,entertainment,0.5054249,0.47708893,0.5054249,0.48929188,0.5054249,0.49975538
349,excel,1,NN,agent,place,place,place,place,place,entertainment,entertainment,entertainment,entertainment,entertainment,entertainment,0.4965585,0.48494655,0.4884131,0.4694224,0.4627731,0.48100933
350,aorta,1,NN,place,place,place,place,place,place,entertainment,entertainment,entertainment,entertainment,entertainment,entertainment,0.46313983,0.46313983,0.46313983,0.4512561,0.46313983,0.4588719
351,poise,0,NN,place,place,place,place,place,agent,entertainment,entertainment,entertainment,entertainment,entertainment,entertainment,0.50416076,0.50416076,0.5144091,0.49935216,0.50416076,0.50599563
352,extra,0,JJ,place,place,place,place,place,place,entertainment,entertainment,sport,entertainment,entertainment,entertainment,0.44547132,0.44547132,0.41695046,0.4077723,0.4473708,0.45616066
353,judge,0,NN,agent,agent,place,place,place,agent,entertainment,entertainment,entertainment,entertainment,entertainment,entertainment,0.47261986,0.4675989,0.47261986,0.4582185,0.47261986,0.4664809
354,condo,1,NN,place,place,place,place,place,place,entertainment,entertainment,entertainment,entertainment,entertainment,entertainment,0.4631398,0.43203363,0.48263696,0.4221148,0.4631398,0.4588719
355,impel,0,NN,agent,place,place,place,place,place,entertainment,entertainment,entertainment,entertainment,entertainment,entertainment,0.47458097,0.46003148,0.45114434,0.43747595,0.43652797,0.4588719
356,havoc,0,NN,place,place,place,species,place,place,entertainment,entertainment,entertainment,entertainment,entertainment,entertainment,0.4631398,0.4631398,0.4631398,0.4512561,0.4631398,0.4588719
357,molar,0,NN,place,place,place,place,place,place,entertainment,entertainment,entertainment,entertainment,entertainment,entertainment,0.44819066,0.43897042,0.4631398,0.4512561,0.4631398,0.4588719
358,manly,0,RB,place,place,place,place,place,place,sport,sport,entertainment,entertainment,entertainment,sport,0.4631398,0.4631398,0.4631398,0.4512561,0.4631398,0.4588719
