,Word,salet guesschain,salet reductions,salet score,reast guesschain,reast reductions,reast score,crate guesschain,crate reductions,crate score,trace guesschain,trace reductions,trace score,slate guesschain,slate reductions,slate score,crane guesschain,crane reductions,crane score,word1,word2,word3,word4,word5
0,slump,salet slump,6,2,reast ikons slump,10,3,crate fonly slump,30,3,trace fonly slump,30,3,slate slump,3.0,2,crane flout slump,36,3,s,l,u,m,p
1,crank,salet acorn crank,15,3,reast braid cramp crank,9,4,crate cramp crank,3,3,trace cramp crank,3,3,slate charm crank,8.0,3,crane crank,1,2,c,r,a,n,k
2,gorge,salet dogie gorge,32,3,reast prime gorge,19,3,crate burse gorge,6,3,trace burse gorge,6,3,slate dogie gorge,24.0,3,crane emure gorge,7,3,g,o,r,g,e
3,query,salet dogie perky query,34,4,reast prime elder query,23,4,crate fewer query,16,3,trace fewer query,16,3,slate remen query,24.0,3,crane reest query,20,3,q,u,e,r,y
4,drink,salet monic brink drink,38,4,reast droop drink,19,3,crate drink,8,2,trace drink,8,2,slate monic brink drink,38.0,4,crane brink drink,5,3,d,r,i,n,k
5,favor,salet carny favor,17,3,reast favor,12,2,crate manor favor,16,3,trace manor favor,16,3,slate carny favor,24.0,3,crane molar favor,13,3,f,a,v,o,r
6,abbey,salet abbey,2,2,reast algae abbey,14,3,crate almes abbey,10,3,trace almes abbey,10,3,slate abeam abbey,10.0,3,crane asset abbey,12,3,a,b,b,e,y
7,tangy,salet catch tangy,5,3,reast cital tangy,11,3,crate aloft tangy,15,3,trace tangy,4,2,slate cagot tangy,9.0,3,crane natal tangy,6,3,t,a,n,g,y
8,panic,salet carny panic,17,3,reast cahow panic,24,3,crate havoc panic,5,3,trace cacao panic,9,3,slate carny panic,24.0,3,crane panic,1,2,p,a,n,i,c
9,solar,salet solar,1,2,reast solar,3,2,crate manor solar,16,3,trace manor solar,16,3,slate solar,1.0,2,crane molar solar,13,3,s,o,l,a,r
10,shire,salet shine shire,4,3,reast loser shire,3,3,crate burse shire,6,3,trace burse shire,6,3,slate shine shire,4.0,3,crane emure shire,7,3,s,h,i,r,e
11,proxy,salet monic proxy,37,3,reast droop proxy,19,3,crate drink proxy,9,3,trace drink proxy,9,3,slate monic proxy,37.0,3,crane drips proxy,7,3,p,r,o,x,y
12,point,salet input point,8,3,reast input point,9,3,crate snout point,17,3,trace month point,23,3,slate input point,12.0,3,crane found point,6,3,p,o,i,n,t
13,robot,salet input robot,8,3,reast robot,1,2,crate story robot,6,3,trace robot,4,2,slate input robot,12.0,3,crane lirot robot,16,3,r,o,b,o,t
14,prick,salet monic prick,36,3,reast droop prick,19,3,crate prick,1,2,trace prick,1,2,slate monic prick,36.0,3,crane prick,1,2,p,r,i,c,k
15,wince,salet dogie mince wince,37,4,reast dicey mince wince,31,4,crate mince wince,4,3,trace mince wince,4,3,slate dogie mince wince,29.0,4,crane mince wince,3,3,w,i,n,c,e
16,crimp,salet monic crimp,36,3,reast droop crimp,19,3,crate crimp,1,2,trace crimp,1,2,slate monic crimp,36.0,3,crane crimp,1,2,c,r,i,m,p
17,knoll,salet clour knoll,17,3,reast could knoll,33,3,crate fonly knoll,30,3,trace fonly knoll,30,3,slate could knoll,7.0,3,crane input knoll,13,3,k,n,o,l,l
18,sugar,salet scrap sugar,5,3,reast solar sugar,4,3,crate manor sugar,16,3,trace manor sugar,16,3,slate scrap sugar,4.0,3,crane molar sugar,13,3,s,u,g,a,r
19,whack,salet acorn whack,15,3,reast black whack,5,3,crate black whack,4,3,trace black whack,3,3,slate charm whack,8.0,3,crane black whack,4,3,w,h,a,c,k
20,mount,salet input mount,8,3,reast input mount,9,3,crate snout mount,17,3,trace month mount,23,3,slate input mount,12.0,3,crane found mount,6,3,m,o,u,n,t
21,perky,salet dogie perky,33,3,reast fewer perky,4,3,crate fewer perky,16,3,trace fewer perky,16,3,slate remen perky,24.0,3,crane reest perky,20,3,p,e,r,k,y
22,could,salet clour could,17,3,reast could,32,2,crate child could,9,3,trace could,9,2,slate could,6.0,2,crane could,3,2,c,o,u,l,d
23,wrung,salet monic wrung,36,3,reast droop brink wrung,21,4,crate drink wrung,9,3,trace drink wrung,9,3,slate monic wrung,36.0,3,crane brink wrung,5,3,w,r,u,n,g
24,light,salet flout light,3,3,reast input light,9,3,crate snout light,17,3,trace month light,23,3,slate light,1.0,2,crane flout light,36,3,l,i,g,h,t
25,those,salet those,2,2,reast those,1,2,crate theme those,6,3,trace theme those,5,3,slate those,1.0,2,crane dobie spoke those,24,4,t,h,o,s,e
26,moist,salet moist,4,2,reast joust moist,4,3,crate snout moist,17,3,trace month moist,23,3,slate moist,6.0,2,crane flout moist,36,3,m,o,i,s,t
27,shard,salet scrap shard,5,3,reast shard,2,2,crate hoard shard,5,3,trace hoard shard,5,3,slate shard,1.0,2,crane stair shard,7,3,s,h,a,r,d
28,pleat,salet pleat,1,2,reast pleat,2,2,crate asset pleat,6,3,trace asset pleat,6,3,slate pleat,1.0,2,crane asset pleat,12,3,p,l,e,a,t
29,aloft,salet aloft,4,2,reast fault aloft,8,3,crate aloft,13,2,trace fatly aloft,13,3,slate aloft,4.0,2,crane aloft,26,2,a,l,o,f,t
30,skill,salet slump skill,8,3,reast ikons skill,10,3,crate fonly skill,32,3,trace fonly skill,32,3,slate skill,3.0,2,crane flout kilps skill,39,4,s,k,i,l,l
31,elder,salet elder,7,2,reast prime elder,22,3,crate fewer elder,16,3,trace fewer elder,16,3,slate elder,2.0,2,crane reest elder,20,3,e,l,d,e,r
32,frame,salet ahead brave frame,16,4,reast brave frame,3,3,crate brave frame,3,3,trace brave frame,3,3,slate frame,5.0,2,crane brame frame,4,3,f,r,a,m,e
33,humor,salet monic humor,36,3,reast droop humor,20,3,crate fiord humor,13,3,trace fiord humor,13,3,slate monic humor,36.0,3,crane lirot humor,16,3,h,u,m,o,r
34,pause,salet pause,1,2,reast lapse pause,3,3,crate pause,8,2,trace pause,8,2,slate pause,1.0,2,crane pause,9,2,p,a,u,s,e
35,ulcer,salet elder ulcer,8,3,reast prime elder ulcer,23,4,crate ulcer,1,2,trace ulcer,1,2,slate elder ulcer,3.0,3,crane ulcer,1,2,u,l,c,e,r
36,ultra,salet aptly ultra,4,3,reast aorta ultra,3,3,crate ultra,1,2,trace aorta ultra,3,3,slate aloft ultra,5.0,3,crane molar larva ultra,15,4,u,l,t,r,a
37,robin,salet monic robin,36,3,reast robin,2,2,crate fiord robin,13,3,trace fiord robin,13,3,slate monic robin,36.0,3,crane mourn robin,5,3,r,o,b,i,n
38,cynic,salet monic cynic,36,3,reast could cinch cynic,35,4,crate child cynic,9,3,trace could cynic,10,3,slate monic cynic,36.0,3,crane cinch cynic,5,3,c,y,n,i,c
39,aroma,salet acorn aroma,15,3,reast favor aroma,13,3,crate aroma,1,2,trace aroma,1,2,slate carny aroma,24.0,3,crane aroma,1,2,a,r,o,m,a
40,caulk,salet caulk,3,2,reast cahow canny caulk,26,4,crate cabal caulk,5,3,trace cacao canny caulk,11,4,slate lairy caulk,12.0,3,crane cacao caulk,5,3,c,a,u,l,k
41,shake,salet shake,6,2,reast shake,3,2,crate pease shake,8,3,trace pease shake,8,3,slate shake,4.0,2,crane etape shake,10,3,s,h,a,k,e
42,dodge,salet dogie dodge,32,3,reast dicey dodge,29,3,crate dogie dodge,18,3,trace dogie dodge,18,3,slate dogie dodge,24.0,3,crane dobie dodge,20,3,d,o,d,g,e
43,swill,salet slump skill swill,9,4,reast ikons spill swill,12,4,crate fonly skill spill swill,35,5,trace fonly skill spill swill,35,5,slate skill spill swill,6.0,4,crane flout kilps swill,39,4,s,w,i,l,l
44,tacit,salet tacit,2,2,reast fault tacit,8,3,crate tacit,2,2,trace tacit,1,2,slate cagot tacit,9.0,3,crane tacit,5,2,t,a,c,i,t
45,other,salet inter other,3,3,reast trice other,9,3,crate inert other,8,3,trace inter other,8,3,slate inert other,13.0,3,crane reest other,20,3,o,t,h,e,r
46,thorn,salet youth thorn,12,3,reast froth thorn,5,3,crate story thorn,6,3,trace third thorn,4,3,slate input thorn,12.0,3,crane mourn thorn,5,3,t,h,o,r,n
47,trove,salet their trope trove,20,4,reast trice trope trove,11,4,crate trope trove,3,3,trace trope trove,4,3,slate trice trope trove,11.0,4,crane trope trove,9,3,t,r,o,v,e
48,bloke,salet elfin bloke,7,3,reast dicey bloke,31,3,crate dogie bloke,20,3,trace dogie bloke,20,3,slate bloke,3.0,2,crane dobie bloke,20,3,b,l,o,k,e
49,vivid,salet monic vivid,36,3,reast could vivid,33,3,crate fonly vivid,30,3,trace fonly vivid,30,3,slate monic vivid,36.0,3,crane flout vivid,36,3,v,i,v,i,d
50,spill,salet slump spill,7,3,reast ikons spill,11,3,crate fonly skill spill,34,4,trace fonly skill spill,34,4,slate skill spill,5.0,3,crane flout kilps spill,39,4,s,p,i,l,l
51,chant,salet quart chant,5,3,reast chant,2,2,crate chant,1,2,trace chant,1,2,slate quart chant,7.0,3,crane chant,1,2,c,h,a,n,t
52,choke,salet dogie choke,33,3,reast dicey choke,29,3,crate choke,1,2,trace choke,1,2,slate dogie choke,25.0,3,crane choke,2,2,c,h,o,k,e
53,rupee,salet fewer rupee,16,3,reast rhyme rupee,4,3,crate burse rupee,6,3,trace burse rupee,6,3,slate dogie rhyme rupee,26.0,4,crane emure rupee,7,3,r,u,p,e,e
54,nasty,salet nasty,1,2,reast nasty,1,2,crate nasty,3,2,trace fatly nasty,13,3,slate nasty,1.0,2,crane natal nasty,6,3,n,a,s,t,y
55,mourn,salet monic mourn,36,3,reast droop mourn,19,3,crate fiord mourn,13,3,trace fiord mourn,13,3,slate monic mourn,36.0,3,crane mourn,4,2,m,o,u,r,n
56,ahead,salet ahead,12,2,reast algae ahead,14,3,crate almes ahead,10,3,trace almes ahead,10,3,slate abeam ahead,10.0,3,crane asset ahead,12,3,a,h,e,a,d
57,brine,salet dogie mince brine,37,4,reast prime brine,20,3,crate prime brine,8,3,trace prime brine,8,3,slate dogie mince brine,29.0,4,crane brine,1,2,b,r,i,n,e
58,cloth,salet cloth,2,2,reast month cloth,10,3,crate cloth,1,2,trace cloth,2,2,slate cloth,1.0,2,crane could cloth,4,3,c,l,o,t,h
59,hoard,salet acorn hoard,15,3,reast braid hoard,7,3,crate hoard,4,2,trace hoard,4,2,slate charm hoard,8.0,3,crane stair hoard,7,3,h,o,a,r,d
60,sweet,salet sweet,1,2,reast onset sweet,5,3,crate denet sweet,11,3,trace sweet,12,2,slate stein sweet,3.0,3,crane eisel sweet,18,3,s,w,e,e,t
61,month,salet youth month,12,3,reast month,9,2,crate month,7,2,trace month,22,2,slate month,7.0,2,crane input month,13,3,m,o,n,t,h
62,lapse,salet lapse,1,2,reast lapse,2,2,crate pause lapse,9,3,trace pause lapse,9,3,slate lapse,1.0,2,crane pause lapse,10,3,l,a,p,s,e
63,watch,salet catch watch,5,3,reast cital watch,11,3,crate tacit watch,3,3,trace catch watch,3,3,slate cagot watch,9.0,3,crane tacit watch,6,3,w,a,t,c,h
64,today,salet aorta today,7,3,reast cital today,11,3,crate aloft today,14,3,trace tangy today,5,3,slate cagot today,9.0,3,crane aloft today,27,3,t,o,d,a,y
65,focus,salet brisk focus,4,3,reast ikons focus,10,3,crate flock focus,6,3,trace could focus,10,3,slate brisk focus,4.0,3,crane flock focus,7,3,f,o,c,u,s
66,smelt,salet smelt,1,2,reast onset smelt,5,3,crate denet exist smelt,13,4,trace sweet smelt,13,3,slate smelt,1.0,2,crane eisel smelt,18,3,s,m,e,l,t
67,tease,salet tease,1,2,reast tease,1,2,crate stale tease,3,3,trace tease,1,2,slate tease,1.0,2,crane etape tease,9,3,t,e,a,s,e
68,cater,salet cater,2,2,reast cater,3,2,crate cater,1,2,trace cater,1,2,slate acted cater,6.0,3,crane cater,1,2,c,a,t,e,r
69,movie,salet dogie movie,32,3,reast dicey movie,30,3,crate dogie movie,18,3,trace dogie movie,18,3,slate dogie movie,24.0,3,crane dobie movie,20,3,m,o,v,i,e
70,saute,salet saute,1,2,reast saute,3,2,crate saute,2,2,trace saute,3,2,slate saute,1.0,2,crane pause saute,10,3,s,a,u,t,e
71,allow,salet allow,3,2,reast cahow allow,24,3,crate aloud allow,18,3,trace aloud allow,18,3,slate aloud allow,5.0,3,crane aloft allow,27,3,a,l,l,o,w
72,renew,salet fewer renew,16,3,reast renew,1,2,crate fewer renew,16,3,trace fewer renew,16,3,slate remen renew,24.0,3,crane inert renew,5,3,r,e,n,e,w
73,their,salet their,17,2,reast trice their,9,3,crate inert their,8,3,trace their,1,2,slate inert their,13.0,3,crane reest their,20,3,t,h,e,i,r
74,slosh,salet slump slosh,7,3,reast slosh,1,2,crate fonly gloom slosh,32,4,trace fonly gloom slosh,32,4,slate slump slosh,4.0,3,crane flout gloom slosh,38,4,s,l,o,s,h
75,purge,salet dogie purge,32,3,reast prime purge,19,3,crate burse purge,6,3,trace burse purge,6,3,slate dogie purge,24.0,3,crane emure purge,7,3,p,u,r,g,e
76,chest,salet chest,3,2,reast chest,2,2,crate chest,1,2,trace chest,1,2,slate chest,5.0,2,crane cheek chest,4,3,c,h,e,s,t
77,depot,salet crept depot,7,3,reast depot,1,2,crate denet depot,11,3,trace sweet depot,13,3,slate inert depot,13.0,3,crane eisel depot,19,3,d,e,p,o,t
78,epoxy,salet dogie enjoy epoxy,34,4,reast dicey enjoy epoxy,31,4,crate dopey epoxy,17,3,trace dopey epoxy,17,3,slate remen epoxy,24.0,3,crane eisel epoxy,18,3,e,p,o,x,y
79,nymph,salet monic nymph,36,3,reast could nymph,33,3,crate fonly nymph,30,3,trace fonly nymph,30,3,slate monic nymph,36.0,3,crane input nymph,13,3,n,y,m,p,h
80,found,salet monic found,36,3,reast could found,33,3,crate fonly found,30,3,trace fonly found,30,3,slate monic found,36.0,3,crane found,5,2,f,o,u,n,d
81,shall,salet shall,4,2,reast scald shall,4,3,crate shall,5,2,trace shall,5,2,slate shall,4.0,2,crane shall,4,2,s,h,a,l,l
82,stove,salet smite stove,4,3,reast smite stove,4,3,crate theme stove,6,3,trace smite stove,4,3,slate stove,1.0,2,crane dobie spoke stove,24,4,s,t,o,v,e
83,lowly,salet clour lowly,17,3,reast could lowly,33,3,crate fonly lowly,30,3,trace fonly lowly,30,3,slate could lowly,7.0,3,crane flout lowly,36,3,l,o,w,l,y
84,snout,salet snout,1,2,reast snout,1,2,crate snout,16,2,trace month snout,23,3,slate snout,6.0,2,crane input snout,13,3,s,n,o,u,t
85,trope,salet their trope,19,3,reast trice trope,10,3,crate trope,2,2,trace trope,3,2,slate trice trope,10.0,3,crane trope,8,2,t,r,o,p,e
86,fewer,salet fewer,15,2,reast fewer,3,2,crate fewer,15,2,trace fewer,15,2,slate remen fewer,24.0,3,crane reest fewer,20,3,f,e,w,e,r
87,shawl,salet shall shawl,5,3,reast scald shawl,4,3,crate shall shawl,6,3,trace shall shawl,6,3,slate shall shawl,5.0,3,crane shall shawl,5,3,s,h,a,w,l
88,natal,salet natal,1,2,reast cital natal,11,3,crate aloft natal,14,3,trace fatly natal,13,3,slate aptly natal,5.0,3,crane natal,5,2,n,a,t,a,l
89,comma,salet acorn comma,15,3,reast cahow comma,24,3,crate cabal comma,5,3,trace cacao comma,9,3,slate carny comma,24.0,3,crane cacao comma,5,3,c,o,m,m,a
90,foray,salet acorn foray,15,3,reast favor foray,13,3,crate manor foray,17,3,trace manor foray,17,3,slate carny foray,24.0,3,crane molar foray,13,3,f,o,r,a,y
91,scare,salet shake scare,8,3,reast scare,1,2,crate scare,1,2,trace scare,1,2,slate shake scare,6.0,3,crane scare,1,2,s,c,a,r,e
92,stair,salet stair,1,2,reast stair,1,2,crate quart stair,4,3,trace quart stair,3,3,slate stair,1.0,2,crane stair,6,2,s,t,a,i,r
93,black,salet aloud black,13,3,reast black,4,2,crate black,3,2,trace black,2,2,slate black,3.0,2,crane black,3,2,b,l,a,c,k
94,squad,salet scrap squad,5,3,reast squad,2,2,crate aloud squad,18,3,trace aloud squad,18,3,slate scrap squad,4.0,3,crane aloft gawky squad,31,4,s,q,u,a,d
95,royal,salet aloud royal,12,3,reast rainy royal,4,3,crate manor foray royal,18,4,trace manor foray royal,18,4,slate lairy royal,12.0,3,crane molar royal,13,3,r,o,y,a,l
96,chunk,salet monic chunk,36,3,reast could chunk,33,3,crate child chunk,9,3,trace could chunk,10,3,slate monic chunk,36.0,3,crane chunk,2,2,c,h,u,n,k
97,mince,salet dogie mince,36,3,reast dicey mince,30,3,crate mince,3,2,trace mince,3,2,slate dogie mince,28.0,3,crane mince,2,2,m,i,n,c,e
98,shame,salet shake shame,7,3,reast shake shame,4,3,crate pease shake shame,9,4,trace pease shake shame,9,4,slate shake shame,5.0,3,crane etape shake shame,11,4,s,h,a,m,e
99,cheek,salet fewer cheek,16,3,reast dicey cheek,29,3,crate cheek,2,2,trace cheek,4,2,slate remen cheek,24.0,3,crane cheek,3,2,c,h,e,e,k
100,ample,salet clade ample,8,3,reast algae ample,14,3,crate pause ample,9,3,trace pause ample,9,3,slate ample,2.0,2,crane pause ample,10,3,a,m,p,l,e
101,flair,salet aloud black flair,14,4,reast braid flair,7,3,crate hoard flair,5,3,trace hoard flair,5,3,slate black flair,4.0,3,crane stair flair,7,3,f,l,a,i,r
102,foyer,salet fewer foyer,16,3,reast prime elder foyer,23,4,crate fewer foyer,16,3,trace fewer foyer,16,3,slate remen poker foyer,27.0,4,crane reest poker foyer,26,4,f,o,y,e,r
103,cargo,salet carny cargo,17,3,reast favor cargo,13,3,crate cargo,2,2,trace cargo,3,2,slate carny cargo,24.0,3,crane cargo,2,2,c,a,r,g,o
104,oxide,salet dogie oxide,32,3,reast dicey oxide,29,3,crate dogie oxide,18,3,trace dogie oxide,18,3,slate dogie oxide,24.0,3,crane dobie oxide,20,3,o,x,i,d,e
105,plant,salet aloft plant,5,3,reast chant plant,3,3,crate plant,2,2,trace plant,1,2,slate plant,1.0,2,crane bland plant,4,3,p,l,a,n,t
106,olive,salet elfin olive,7,3,reast dicey movie olive,31,4,crate dogie olive,18,3,trace dogie olive,18,3,slate bloke olive,4.0,3,crane dobie olive,20,3,o,l,i,v,e
107,inert,salet crept inert,7,3,reast crept inert,4,3,crate inert,7,2,trace inter inert,8,3,slate inert,12.0,2,crane inert,4,2,i,n,e,r,t
108,askew,salet askew,1,2,reast askew,2,2,crate almes askew,10,3,trace almes askew,10,3,slate askew,1.0,2,crane asset askew,12,3,a,s,k,e,w
109,heist,salet chest heist,4,3,reast heist,1,2,crate denet heist,11,3,trace sweet exist heist,15,4,slate chest heist,6.0,3,crane eisel heist,18,3,h,e,i,s,t
110,shown,salet scorn shown,7,3,reast ikons shown,10,3,crate fonly shown,30,3,trace fonly shown,30,3,slate scorn shown,7.0,3,crane input blown shown,15,4,s,h,o,w,n
111,zesty,salet those zesty,3,3,reast zesty,1,2,crate depth zesty,4,3,trace sweet zesty,13,3,slate zesty,1.0,2,crane eisel zesty,18,3,z,e,s,t,y
112,trash,salet trash,1,2,reast trash,1,2,crate train trash,4,3,trace train trash,4,3,slate trash,1.0,2,crane braid trash,4,3,t,r,a,s,h
113,larva,salet caulk larva,4,3,reast favor larva,13,3,crate manor hairy larva,18,4,trace manor hairy larva,18,4,slate lairy larva,12.0,3,crane molar larva,14,3,l,a,r,v,a
114,forgo,salet monic foggy forgo,40,4,reast droop forgo,19,3,crate fiord forgo,13,3,trace fiord forgo,13,3,slate monic foggy forgo,40.0,4,crane lirot forgo,16,3,f,o,r,g,o
115,story,salet stogy story,6,3,reast story,1,2,crate story,5,2,trace robot story,5,3,slate snout stomp story,9.0,4,crane lirot story,16,3,s,t,o,r,y
116,hairy,salet carny hairy,17,3,reast favor carry hairy,15,4,crate manor hairy,17,3,trace manor hairy,17,3,slate carny hairy,24.0,3,crane molar hairy,13,3,h,a,i,r,y
117,train,salet aorta train,7,3,reast tiara train,3,3,crate train,3,2,trace train,3,2,slate quart train,7.0,3,crane train,1,2,t,r,a,i,n
118,homer,salet fewer homer,18,3,reast prime homer,19,3,crate fewer loper homer,21,4,trace fewer loper homer,21,4,slate remen homer,24.0,3,crane reest poker foyer homer,27,5,h,o,m,e,r
119,badge,salet badge,4,2,reast algae badge,15,3,crate pause badge,10,3,trace pause badge,10,3,slate abune badge,6.0,3,crane pause badge,10,3,b,a,d,g,e
120,midst,salet moist midst,5,3,reast joust midst,4,3,crate snout midst,17,3,trace month midst,23,3,slate moist midst,7.0,3,crane flout midst,36,3,m,i,d,s,t
121,canny,salet carny canny,17,3,reast cahow canny,25,3,crate cabal canny,5,3,trace cacao canny,10,3,slate carny canny,24.0,3,crane canny,1,2,c,a,n,n,y
122,shine,salet shine,3,2,reast shine,4,2,crate dogie shine,18,3,trace dogie shine,18,3,slate shine,3.0,2,crane shine,2,2,s,h,i,n,e
123,gecko,salet dogie gecko,32,3,reast denim gecko,8,3,crate excel gecko,3,3,trace cheek gecko,5,3,slate remen gecko,24.0,3,crane eject gecko,4,3,g,e,c,k,o
124,farce,salet badge farce,6,3,reast amber creak farce,11,4,crate farce,1,2,trace farce,1,2,slate abune farce,6.0,3,crane farce,1,2,f,a,r,c,e
125,slung,salet slump slung,7,3,reast ikons slung,10,3,crate fonly slung,30,3,trace fonly slung,30,3,slate slump slung,4.0,3,crane found slung,6,3,s,l,u,n,g
126,tipsy,salet rusty tipsy,4,3,reast tipsy,1,2,crate snout tipsy,17,3,trace tipsy,1,2,slate moist tipsy,7.0,3,crane flout tipsy,36,3,t,i,p,s,y
127,metal,salet metal,1,2,reast metal,1,2,crate asset metal,6,3,trace asset metal,6,3,slate metal,2.0,2,crane asset metal,12,3,m,e,t,a,l
128,yield,salet elfin yield,7,3,reast dicey yield,29,3,crate dopey yield,17,3,trace dopey yield,17,3,slate leery yield,9.0,3,crane eisel field yield,20,4,y,i,e,l,d
129,delve,salet delve,1,2,reast denim delve,8,3,crate dogie delve,18,3,trace dogie delve,18,3,slate delve,1.0,2,crane dobie delve,20,3,d,e,l,v,e
130,being,salet dogie being,32,3,reast denim being,8,3,crate dopey begin being,19,4,trace dopey begin being,19,4,slate remen being,24.0,3,crane being,1,2,b,e,i,n,g
131,scour,salet scorn scour,7,3,reast scorn scour,5,3,crate scorn scour,3,3,trace chord scour,4,3,slate scorn scour,7.0,3,crane scour,1,2,s,c,o,u,r
132,glass,salet class glass,4,3,reast class glass,3,3,crate shall glass,6,3,trace shall glass,6,3,slate class glass,3.0,3,crane shall glass,5,3,g,l,a,s,s
133,gamer,salet baker gamer,5,3,reast amber gamer,9,3,crate amber gamer,6,3,trace amber gamer,6,3,slate abeam gamer,10.0,3,crane amber gamer,9,3,g,a,m,e,r
134,scrap,salet scrap,4,2,reast solar scrap,4,3,crate scrap,1,2,trace cargo scrap,4,3,slate scrap,3.0,2,crane scrap,1,2,s,c,r,a,p
135,money,salet fewer money,17,3,reast dicey money,29,3,crate dopey money,17,3,trace dopey money,17,3,slate remen money,24.0,3,crane doven money,12,3,m,o,n,e,y
136,hinge,salet dogie hinge,32,3,reast dicey hinge,29,3,crate dogie hinge,18,3,trace dogie hinge,18,3,slate dogie hinge,24.0,3,crane hinge,3,2,h,i,n,g,e
137,album,salet aloud album,12,3,reast cahow album,25,3,crate aloud album,18,3,trace aloud album,18,3,slate aloud album,5.0,3,crane aloft album,28,3,a,l,b,u,m
138,vouch,salet monic vouch,36,3,reast could vouch,33,3,crate flock vouch,6,3,trace cinch vouch,5,3,slate monic vouch,36.0,3,crane flock vouch,7,3,v,o,u,c,h
139,asset,salet asset,1,2,reast asset,1,2,crate asset,5,2,trace asset,5,2,slate asset,1.0,2,crane asset,11,2,a,s,s,e,t
140,tiara,salet aorta tiara,7,3,reast tiara,2,2,crate quart tiara,4,3,trace tiara,1,2,slate quart tiara,7.0,3,crane stair tiara,7,3,t,i,a,r,a
141,crept,salet crept,6,2,reast crept,3,2,crate crept,1,2,trace crept,1,2,slate inert crept,13.0,3,crane crept,1,2,c,r,e,p,t
142,bayou,salet carny bayou,17,3,reast cahow bayou,24,3,crate aloud bayou,18,3,trace aloud bayou,18,3,slate carny bayou,24.0,3,crane aloft bayou,27,3,b,a,y,o,u
143,atoll,salet aptly atoll,4,3,reast cital atoll,11,3,crate aloft atoll,14,3,trace fatly atoll,13,3,slate aptly atoll,5.0,3,crane aloft atoll,27,3,a,t,o,l,l
144,manor,salet carny manor,17,3,reast favor manor,13,3,crate manor,15,2,trace manor,15,2,slate carny manor,24.0,3,crane apron manor,5,3,m,a,n,o,r
145,creak,salet ahead creak,13,3,reast amber creak,10,3,crate creak,1,2,trace creak,1,2,slate abeam creak,10.0,3,crane creak,1,2,c,r,e,a,k
146,showy,salet scorn showy,7,3,reast ikons showy,10,3,crate fonly showy,30,3,trace fonly showy,30,3,slate scorn showy,7.0,3,crane flout showy,37,3,s,h,o,w,y
147,peach,salet ahead peach,13,3,reast beach peach,4,3,crate peach,1,2,trace peach,1,2,slate beady peach,3.0,3,crane peach,1,2,p,e,a,c,h
148,froth,salet youth froth,12,3,reast froth,4,2,crate froth,1,2,trace froth,1,2,slate month froth,8.0,3,crane drips froth,7,3,f,r,o,t,h
149,depth,salet their depth,18,3,reast depth,2,2,crate depth,3,2,trace sweet depth,13,3,slate berth depth,4.0,3,crane eisel depot depth,20,4,d,e,p,t,h
150,gloom,salet clour flood gloom,20,4,reast could blown gloom,35,4,crate fonly gloom,31,3,trace fonly gloom,31,3,slate floor gloom,12.0,3,crane flout gloom,37,3,g,l,o,o,m
151,flood,salet clour flood,19,3,reast could flood,33,3,crate fonly flood,30,3,trace fonly flood,30,3,slate floor flood,12.0,3,crane flout flood,36,3,f,l,o,o,d
152,trait,salet quart trait,5,3,reast quart trait,3,3,crate train trait,4,3,trace train trait,4,3,slate quart trait,7.0,3,crane braid trait,4,3,t,r,a,i,t
153,girth,salet youth girth,12,3,reast froth girth,5,3,crate girth,2,2,trace robot girth,5,3,slate month girth,8.0,3,crane lirot girth,16,3,g,i,r,t,h
154,piety,salet their piety,18,3,reast cheth piety,8,3,crate depth piety,4,3,trace sweet piety,13,3,slate berth piety,4.0,3,crane eisel piety,18,3,p,i,e,t,y
155,goose,salet goose,2,2,reast goose,2,2,crate dogie goose,18,3,trace dogie goose,18,3,slate goose,2.0,2,crane dobie goose,20,3,g,o,o,s,e
156,float,salet aloft float,5,3,reast fault float,8,3,crate aloft float,14,3,trace fatly float,13,3,slate aloft float,5.0,3,crane aloft float,27,3,f,l,o,a,t
157,donor,salet monic donor,36,3,reast droop donor,19,3,crate fiord donor,13,3,trace fiord donor,13,3,slate monic donor,36.0,3,crane mourn donor,5,3,d,o,n,o,r
158,atone,salet atone,3,2,reast atone,1,2,crate atone,1,2,trace saute atone,4,3,slate atone,1.0,2,crane atone,1,2,a,t,o,n,e
159,primo,salet monic primo,36,3,reast droop primo,19,3,crate drink primo,9,3,trace drink primo,9,3,slate monic primo,36.0,3,crane drips primo,7,3,p,r,i,m,o
160,apron,salet acorn apron,15,3,reast favor apron,13,3,crate manor apron,16,3,trace manor apron,16,3,slate carny apron,24.0,3,crane apron,4,2,a,p,r,o,n
161,blown,salet clour flood blown,20,4,reast could blown,34,3,crate fonly blown,30,3,trace fonly blown,30,3,slate floor blown,13.0,3,crane input blown,14,3,b,l,o,w,n
162,cacao,salet carny cacao,17,3,reast cahow cacao,24,3,crate cabal cacao,5,3,trace cacao,8,2,slate carny cacao,24.0,3,crane cacao,4,2,c,a,c,a,o
163,loser,salet loser,1,2,reast loser,2,2,crate fewer loper loser,21,4,trace fewer loper loser,21,4,slate loser,1.0,2,crane reest loser,20,3,l,o,s,e,r
164,input,salet input,7,2,reast input,8,2,crate snout input,17,3,trace month input,25,3,slate input,11.0,2,crane input,12,2,i,n,p,u,t
165,gloat,salet aloft gloat,5,3,reast fault gloat,8,3,crate aloft gloat,14,3,trace fatly gloat,13,3,slate aloft gloat,5.0,3,crane aloft gloat,27,3,g,l,o,a,t
166,awful,salet aloud awful,12,3,reast cahow awful,24,3,crate aloud awful,18,3,trace aloud awful,18,3,slate lairy awful,12.0,3,crane aloft awful,27,3,a,w,f,u,l
167,brink,salet monic brink,37,3,reast droop brink,20,3,crate drink brink,9,3,trace drink brink,9,3,slate monic brink,37.0,3,crane brink,4,2,b,r,i,n,k
168,smite,salet smite,3,2,reast smite,3,2,crate smite,2,2,trace smite,3,2,slate smite,1.0,2,crane dobie smite,20,3,s,m,i,t,e
169,beady,salet ahead beady,13,3,reast beach beady,4,3,crate beady,1,2,trace beady,1,2,slate beady,2.0,2,crane beady,2,2,b,e,a,d,y
170,rusty,salet rusty,3,2,reast rusty,1,2,crate girth rusty,3,3,trace robot rusty,5,3,slate rusty,1.0,2,crane lirot rusty,16,3,r,u,s,t,y
171,retro,salet their retro,18,3,reast retro,1,2,crate inert retro,8,3,trace inter retro,8,3,slate inert retro,13.0,3,crane reest retro,20,3,r,e,t,r,o
172,droll,salet clour droll,17,3,reast droop droll,19,3,crate drink droll,9,3,trace drink droll,9,3,slate could droll,7.0,3,crane drips droll,7,3,d,r,o,l,l
173,gawky,salet carny gawky,18,3,reast cahow gawky,24,3,crate aloud gawky,19,3,trace aloud gawky,19,3,slate carny gawky,25.0,3,crane aloft gawky,30,3,g,a,w,k,y
174,hutch,salet youth hutch,12,3,reast month hutch,10,3,crate hutch,3,2,trace hutch,2,2,slate input hutch,12.0,3,crane flock hutch,7,3,h,u,t,c,h
175,pinto,salet youth pinto,12,3,reast month pinto,10,3,crate month pinto,8,3,trace month pinto,23,3,slate month pinto,8.0,3,crane input pinto,13,3,p,i,n,t,o
176,egret,salet egret,1,2,reast crept egret,4,3,crate inert egret,8,3,trace inter egret,8,3,slate inert egret,13.0,3,crane reest egret,20,3,e,g,r,e,t
177,lilac,salet allow lilac,4,3,reast cahow lilac,24,3,crate havoc lilac,5,3,trace cacao lilac,9,3,slate lairy lilac,12.0,3,crane tacit lilac,6,3,l,i,l,a,c
178,sever,salet sever,1,2,reast sever,1,2,crate fewer sever,16,3,trace fewer sever,16,3,slate sever,1.0,2,crane reest sever,20,3,s,e,v,e,r
179,field,salet elfin field,7,3,reast dicey field,30,3,crate dopey field,17,3,trace dopey field,17,3,slate leery field,9.0,3,crane eisel field,19,3,f,i,e,l,d
180,fluff,salet clour bluff fluff,19,4,reast could bluff fluff,35,4,crate fonly fluff,30,3,trace fonly fluff,30,3,slate floor fluff,12.0,3,crane flout fluff,36,3,f,l,u,f,f
181,agape,salet ahead agape,13,3,reast agape,3,2,crate pease agape,7,3,trace pease agape,7,3,slate frame agape,7.0,3,crane etape agape,9,3,a,g,a,p,e
182,voice,salet dogie voice,32,3,reast dicey voice,29,3,crate mince voice,4,3,trace mince voice,4,3,slate dogie voice,24.0,3,crane twice voice,3,3,v,o,i,c,e
183,stead,salet stead,1,2,reast saute stead,4,3,crate asset stead,6,3,trace asset stead,6,3,slate stead,1.0,2,crane asset stead,12,3,s,t,e,a,d
184,berth,salet their berth,18,3,reast berth,1,2,crate berth,1,2,trace inter berth,8,3,slate berth,3.0,2,crane reest berth,20,3,b,e,r,t,h
185,madam,salet carny madam,17,3,reast cahow manly madam,28,4,crate aloud dandy madam,20,4,trace aloud dandy madam,20,4,slate carny madam,24.0,3,crane aloft gawky madam,31,4,m,a,d,a,m
186,night,salet input night,8,3,reast input night,9,3,crate snout night,17,3,trace month night,23,3,slate input night,12.0,3,crane input night,13,3,n,i,g,h,t
187,bland,salet aloud bland,12,3,reast black bland,5,3,crate shall bland,6,3,trace shall bland,6,3,slate black bland,4.0,3,crane bland,3,2,b,l,a,n,d
188,liver,salet elder liver,8,3,reast prime infer liver,21,4,crate fewer loper liver,21,4,trace fewer loper liver,21,4,slate leery liver,9.0,3,crane reest poker liver,25,4,l,i,v,e,r
189,wedge,salet dogie judge wedge,34,4,reast denim wedge,8,3,crate dogie judge wedge,20,4,trace dogie judge wedge,20,4,slate dogie judge wedge,26.0,4,crane dobie judge wedge,22,4,w,e,d,g,e
190,roomy,salet monic roomy,36,3,reast robin roomy,3,3,crate fiord roomy,13,3,trace fiord roomy,13,3,slate monic roomy,36.0,3,crane lirot roomy,16,3,r,o,o,m,y
191,wacky,salet carny wacky,17,3,reast cahow wacky,24,3,crate havoc wacky,5,3,trace cacao wacky,9,3,slate carny wacky,24.0,3,crane tacit wacky,6,3,w,a,c,k,y
192,flock,salet clour flock,17,3,reast could flock,33,3,crate flock,5,2,trace cinch flock,5,3,slate floor flock,12.0,3,crane flock,6,2,f,l,o,c,k
193,angry,salet acorn angry,15,3,reast favor angry,13,3,crate manor angry,16,3,trace manor angry,16,3,slate carny angry,24.0,3,crane apron angry,5,3,a,n,g,r,y
194,trite,salet their trice trite,20,4,reast trice trite,9,3,crate trite,1,2,trace trope trite,4,3,slate chute trite,4.0,3,crane trope trite,9,3,t,r,i,t,e
195,aphid,salet acorn aphid,15,3,reast cahow aphid,24,3,crate aloud aphid,18,3,trace aloud aphid,18,3,slate carny aphid,25.0,3,crane aloft aphid,27,3,a,p,h,i,d
196,tryst,salet moist tryst,5,3,reast tryst,1,2,crate tryst,1,2,trace tryst,1,2,slate moist tryst,7.0,3,crane drips tryst,7,3,t,r,y,s,t
197,midge,salet dogie midge,32,3,reast dicey field midge,31,4,crate dogie midge,18,3,trace dogie midge,18,3,slate dogie midge,24.0,3,crane dobie midge,20,3,m,i,d,g,e
198,power,salet fewer power,16,3,reast prime poker power,21,4,crate fewer power,16,3,trace fewer power,16,3,slate remen poker power,27.0,4,crane reest poker power,25,4,p,o,w,e,r
199,elope,salet elfin elope,7,3,reast dicey bloke elope,32,4,crate dogie bloke elope,21,4,trace dogie bloke elope,21,4,slate bloke elope,4.0,3,crane dobie spoke elope,24,4,e,l,o,p,e
200,cinch,salet monic cinch,36,3,reast could cinch,34,3,crate child cinch,9,3,trace cinch,4,2,slate monic cinch,36.0,3,crane cinch,4,2,c,i,n,c,h
201,motto,salet youth motto,12,3,reast month motto,10,3,crate month motto,8,3,trace month motto,23,3,slate month motto,8.0,3,crane flout motto,36,3,m,o,t,t,o
202,stomp,salet stogy stomp,6,3,reast coits stomp,6,3,crate snout stomp,17,3,trace month stomp,23,3,slate snout stomp,8.0,3,crane flout photo stomp,38,4,s,t,o,m,p
203,upset,salet onset upset,3,3,reast onset upset,5,3,crate denet upset,11,3,trace sweet onset upset,15,4,slate chest onset upset,8.0,4,crane eisel upset,18,3,u,p,s,e,t
204,bluff,salet clour bluff,18,3,reast could bluff,34,3,crate fonly bluff,30,3,trace fonly bluff,30,3,slate floor bluff,12.0,3,crane flout bluff,36,3,b,l,u,f,f
205,cramp,salet acorn cramp,15,3,reast braid cramp,8,3,crate cramp,2,2,trace cramp,2,2,slate charm cramp,8.0,3,crane cramp,1,2,c,r,a,m,p
206,quart,salet quart,4,2,reast quart,2,2,crate quart,3,2,trace quart,2,2,slate quart,6.0,2,crane stair quart,7,3,q,u,a,r,t
207,coyly,salet clour coyly,17,3,reast could coyly,33,3,crate child coyly,9,3,trace could coyly,10,3,slate could coyly,7.0,3,crane could coyly,4,3,c,o,y,l,y
208,youth,salet youth,11,2,reast month youth,10,3,crate month youth,8,3,trace month youth,23,3,slate month youth,8.0,3,crane flout youth,36,3,y,o,u,t,h
209,rhyme,salet dogie rhyme,32,3,reast rhyme,3,2,crate burse rhyme,6,3,trace burse rhyme,6,3,slate dogie rhyme,25.0,3,crane emure rhyme,7,3,r,h,y,m,e
210,buggy,salet monic buggy,36,3,reast could fungi buggy,37,4,crate fonly buggy,31,3,trace fonly buggy,31,3,slate monic buggy,36.0,3,crane flout buggy,37,3,b,u,g,g,y
211,alien,salet alien,1,2,reast algae alien,14,3,crate almes alien,10,3,trace almes alien,10,3,slate clean alien,4.0,3,crane alien,3,2,a,l,i,e,n
212,smear,salet shake smear,7,3,reast smear,1,2,crate amber smear,6,3,trace amber smear,6,3,slate smear,2.0,2,crane amber smear,9,3,s,m,e,a,r
213,unfit,salet input unfit,8,3,reast input unfit,9,3,crate snout unfit,17,3,trace month input unfit,26,4,slate input unfit,12.0,3,crane input unfit,13,3,u,n,f,i,t
214,patty,salet catch patty,5,3,reast cital patty,11,3,crate nasty patty,4,3,trace fatly patty,13,3,slate aorta patty,3.0,3,crane aloft patty,28,3,p,a,t,t,y
215,cling,salet clour cling,17,3,reast could cling,33,3,crate child cling,9,3,trace could cling,10,3,slate floor cling,13.0,3,crane chunk cling,3,3,c,l,i,n,g
216,glean,salet clade glean,8,3,reast algae glean,14,3,crate almes glean,10,3,trace almes glean,10,3,slate clean glean,4.0,3,crane alien glean,4,3,g,l,e,a,n
217,label,salet label,1,2,reast algae label,14,3,crate almes label,10,3,trace almes label,10,3,slate equal label,4.0,3,crane asset label,12,3,l,a,b,e,l
218,hunky,salet monic hunky,36,3,reast could fungi hunky,37,4,crate fonly hunky,30,3,trace fonly hunky,30,3,slate monic hunky,36.0,3,crane input hunky,13,3,h,u,n,k,y
219,khaki,salet acorn khaki,15,3,reast black khaki,5,3,crate shall khaki,6,3,trace shall khaki,6,3,slate charm khaki,8.0,3,crane shall khaki,5,3,k,h,a,k,i
220,poker,salet fewer homer poker,19,4,reast prime poker,20,3,crate fewer loper poker,21,4,trace fewer loper poker,21,4,slate remen poker,26.0,3,crane reest poker,24,3,p,o,k,e,r
221,gruel,salet elder gruel,8,3,reast prime gruel,19,3,crate gruel,1,2,trace gruel,1,2,slate leery gruel,9.0,3,crane gruel,1,2,g,r,u,e,l
222,twice,salet their twice,19,3,reast cheth twice,8,3,crate twice,1,2,trace twice,1,2,slate trice twice,9.0,3,crane twice,2,2,t,w,i,c,e
223,twang,salet aorta twang,7,3,reast twang,1,2,crate plant twang,3,3,trace twang,1,2,slate quart twang,7.0,3,crane bland twang,4,3,t,w,a,n,g
224,shrug,salet scorn shrug,7,3,reast scorn shrug,5,3,crate fiord shrug,13,3,trace fiord shrug,13,3,slate scorn shrug,7.0,3,crane lirot shrug,16,3,s,h,r,u,g
225,treat,salet avert treat,3,3,reast avert treat,3,3,crate treat,1,2,trace treat,1,2,slate acted treat,6.0,3,crane dream treat,3,3,t,r,e,a,t
226,waste,salet waste,1,2,reast saute waste,4,3,crate saute waste,3,3,trace saute waste,4,3,slate waste,1.0,2,crane pause waste,10,3,w,a,s,t,e
227,merit,salet crept merit,7,3,reast merit,1,2,crate inert merit,8,3,trace inter merit,8,3,slate inert merit,13.0,3,crane reest merit,20,3,m,e,r,i,t
228,woven,salet fewer woken woven,18,4,reast dicey woken woven,31,4,crate dopey woken woven,19,4,trace dopey woken woven,19,4,slate remen woken woven,26.0,4,crane doven woven,12,3,w,o,v,e,n
229,needy,salet dogie needy,32,3,reast denim needy,8,3,crate dopey needy,17,3,trace dopey needy,17,3,slate remen needy,24.0,3,crane doven needy,12,3,n,e,e,d,y
230,clown,salet clour clown,17,3,reast could clown,33,3,crate child clown,9,3,trace could clown,10,3,slate floor blown clown,14.0,4,crane cinch clown,5,3,c,l,o,w,n
231,irony,salet monic irony,36,3,reast droop irony,19,3,crate drink irony,9,3,trace drink irony,9,3,slate monic irony,36.0,3,crane brink irony,5,3,i,r,o,n,y
232,ruder,salet fewer homer ruder,19,4,reast rhyme ruder,4,3,crate fewer loper ruder,21,4,trace fewer loper ruder,21,4,slate remen ruder,24.0,3,crane reest ruder,20,3,r,u,d,e,r
233,gauze,salet badge gauze,5,3,reast algae badge gauze,16,4,crate pause gauze,9,3,trace pause gauze,9,3,slate abune gauze,6.0,3,crane pause gauze,10,3,g,a,u,z,e
234,chief,salet fewer chief,16,3,reast dicey chief,29,3,crate cheek chief,3,3,trace cheek chief,5,3,slate remen chief,24.0,3,crane cheek chief,4,3,c,h,i,e,f
235,onset,salet onset,2,2,reast onset,4,2,crate denet onset,11,3,trace sweet onset,14,3,slate chest onset,7.0,3,crane doven onset,12,3,o,n,s,e,t
236,prize,salet dogie mince prize,37,4,reast prime prize,19,3,crate prime prize,7,3,trace prime prize,7,3,slate dogie mince prize,29.0,4,crane trope prime prize,11,4,p,r,i,z,e
237,fungi,salet monic fungi,36,3,reast could fungi,36,3,crate fonly fungi,30,3,trace fonly fungi,30,3,slate monic fungi,36.0,3,crane input fungi,13,3,f,u,n,g,i
238,charm,salet acorn charm,15,3,reast braid charm,7,3,crate charm,1,2,trace charm,1,2,slate charm,7.0,2,crane charm,1,2,c,h,a,r,m
239,gully,salet gully,1,2,reast could gully,33,3,crate fonly gully,30,3,trace fonly gully,30,3,slate could gully,7.0,3,crane flout gully,36,3,g,u,l,l,y
240,inter,salet inter,2,2,reast trice inter,9,3,crate inert inter,8,3,trace inter,7,2,slate inert inter,13.0,3,crane inert inter,5,3,i,n,t,e,r
241,whoop,salet monic proxy whoop,38,4,reast could whoop,33,3,crate fonly whoop,30,3,trace fonly whoop,30,3,slate monic proxy whoop,38.0,4,crane flout showy whoop,38,4,w,h,o,o,p
242,taunt,salet tacit taunt,3,3,reast fault taunt,8,3,crate aloft saint taunt,16,4,trace tangy taunt,5,3,slate cagot taunt,9.0,3,crane saint taunt,3,3,t,a,u,n,t
243,leery,salet elfin leery,7,3,reast fewer leery,4,3,crate fewer leery,16,3,trace fewer leery,16,3,slate leery,8.0,2,crane reest leery,20,3,l,e,e,r,y
244,class,salet class,3,2,reast class,2,2,crate class,1,2,trace class,2,2,slate class,2.0,2,crane class,1,2,c,l,a,s,s
245,theme,salet their theme,18,3,reast cheth theme,8,3,crate theme,5,2,trace theme,4,2,slate trice theme,10.0,3,crane dobie theme,21,3,t,h,e,m,e
246,lofty,salet cloth lofty,3,3,reast month lofty,10,3,crate month lofty,8,3,trace month lofty,23,3,slate lofty,1.0,2,crane flout lofty,36,3,l,o,f,t,y
247,tibia,salet aorta tibia,7,3,reast cital tibia,11,3,crate aloft tangy tibia,16,4,trace tangy tibia,5,3,slate cagot tibia,9.0,3,crane aloft patty tibia,29,4,t,i,b,i,a
248,booze,salet dogie booze,32,3,reast dicey bloke booze,32,4,crate dogie booze,18,3,trace dogie booze,18,3,slate dogie booze,24.0,3,crane dobie booze,20,3,b,o,o,z,e
249,alpha,salet aloud alpha,12,3,reast cahow alpha,24,3,crate aloud alpha,18,3,trace aloud alpha,18,3,slate aloud alpha,5.0,3,crane aloft album alpha,29,4,a,l,p,h,a
250,thyme,salet their thyme,18,3,reast cheth thyme,8,3,crate theme thyme,6,3,trace theme thyme,5,3,slate trice theme thyme,11.0,4,crane dobie theme thyme,22,4,t,h,y,m,e
251,doubt,salet input doubt,8,3,reast input doubt,9,3,crate snout doubt,17,3,trace month doubt,24,3,slate input doubt,12.0,3,crane flout doubt,37,3,d,o,u,b,t
252,parer,salet baker gamer parer,6,4,reast amber parer,9,3,crate amber parer,6,3,trace amber parer,6,3,slate abeam parer,10.0,3,crane amber parer,10,3,p,a,r,e,r
253,chute,salet their chute,18,3,reast cheth chute,8,3,crate chute,1,2,trace chute,1,2,slate chute,3.0,2,crane choke chute,3,3,c,h,u,t,e
254,stick,salet stogy stick,6,3,reast coits stick,6,3,crate hutch stick,4,3,trace hutch stick,3,3,slate snout stick,7.0,3,crane flock stick,7,3,s,t,i,c,k
255,trice,salet their trice,19,3,reast trice,8,2,crate trice,1,2,trace trice,1,2,slate trice,8.0,2,crane trice,1,2,t,r,i,c,e
256,alike,salet clade alike,8,3,reast algae alike,14,3,crate pause alike,9,3,trace pause alike,9,3,slate alike,1.0,2,crane pause alike,10,3,a,l,i,k,e
257,recap,salet ahead recap,13,3,reast recap,1,2,crate recap,1,2,trace recap,1,2,slate abeam recap,10.0,3,crane recap,1,2,r,e,c,a,p
258,saint,salet saint,1,2,reast saint,1,2,crate aloft saint,15,3,trace fatly saint,13,3,slate saint,1.0,2,crane saint,2,2,s,a,i,n,t
259,glory,salet clour glory,17,3,reast droop glory,19,3,crate fiord glory,13,3,trace fiord glory,13,3,slate floor glory,12.0,3,crane lirot glory,16,3,g,l,o,r,y
260,grate,salet atone grate,4,3,reast grate,1,2,crate grate,1,2,trace grate,1,2,slate grate,1.0,2,crane brame grate,4,3,g,r,a,t,e
261,admit,salet quart admit,5,3,reast fault admit,8,3,crate aloft admit,14,3,trace fatly admit,13,3,slate cagot admit,9.0,3,crane aloft admit,27,3,a,d,m,i,t
262,brisk,salet brisk,3,2,reast brisk,1,2,crate drink brisk,9,3,trace drink brisk,9,3,slate brisk,3.0,2,crane drips brisk,7,3,b,r,i,s,k
263,soggy,salet scorn soggy,7,3,reast ikons soggy,10,3,crate fonly howdy soggy,32,4,trace fonly howdy soggy,32,4,slate scorn soggy,7.0,3,crane flout howdy soggy,38,4,s,o,g,g,y
264,usurp,salet brisk usurp,4,3,reast scorn usurp,5,3,crate fiord usurp,13,3,trace fiord usurp,13,3,slate brisk usurp,4.0,3,crane lirot usurp,16,3,u,s,u,r,p
265,scald,salet shall scald,5,3,reast scald,3,2,crate black scald,4,3,trace class scald,3,3,slate shall scald,5.0,3,crane black scald,4,3,s,c,a,l,d
266,scorn,salet scorn,6,2,reast scorn,4,2,crate scorn,2,2,trace chord scorn,4,3,slate scorn,6.0,2,crane scorn,1,2,s,c,o,r,n
267,leave,salet clade leave,8,3,reast beach leave,4,3,crate pease leave,7,3,trace pease leave,7,3,slate leave,1.0,2,crane etape leave,9,3,l,e,a,v,e
268,twine,salet their twice twine,20,4,reast cheth twine,8,3,crate theme twine,6,3,trace theme twine,5,3,slate trice twine,9.0,3,crane shine twine,3,3,t,w,i,n,e
269,sting,salet stogy sting,6,3,reast coits sting,6,3,crate snout sting,17,3,trace month input sting,26,4,slate snout sting,7.0,3,crane found sting,6,3,s,t,i,n,g
270,bough,salet monic foggy bough,40,4,reast could bough,33,3,crate fonly bough,30,3,trace fonly bough,30,3,slate monic foggy bough,40.0,4,crane flout bough,36,3,b,o,u,g,h
271,marsh,salet marsh,1,2,reast marsh,1,2,crate manor marsh,16,3,trace manor marsh,16,3,slate marsh,1.0,2,crane molar marsh,13,3,m,a,r,s,h
272,sloth,salet sloth,1,2,reast coits sloth,6,3,crate month sloth,8,3,trace month sloth,23,3,slate sloth,1.0,2,crane flout sloth,36,3,s,l,o,t,h
273,dandy,salet carny dandy,17,3,reast cahow manly dandy,28,4,crate aloud dandy,19,3,trace aloud dandy,19,3,slate carny dandy,24.0,3,crane natal dandy,6,3,d,a,n,d,y
274,vigor,salet monic vigor,36,3,reast droop humor vigor,21,4,crate fiord vigor,13,3,trace fiord vigor,13,3,slate monic vigor,36.0,3,crane lirot vigor,16,3,v,i,g,o,r
275,howdy,salet monic foggy howdy,40,4,reast could howdy,33,3,crate fonly howdy,31,3,trace fonly howdy,31,3,slate monic foggy howdy,40.0,4,crane flout howdy,37,3,h,o,w,d,y
276,enjoy,salet dogie enjoy,33,3,reast dicey enjoy,30,3,crate dopey enjoy,17,3,trace dopey enjoy,17,3,slate remen enjoy,24.0,3,crane doven enjoy,12,3,e,n,j,o,y
277,valid,salet valid,1,2,reast cahow manly valid,28,4,crate aloud valid,18,3,trace aloud valid,18,3,slate lairy valid,12.0,3,crane aloft usual valid,29,4,v,a,l,i,d
278,ionic,salet monic ionic,36,3,reast could ionic,33,3,crate flock ionic,6,3,trace could ionic,10,3,slate monic ionic,36.0,3,crane ionic,2,2,i,o,n,i,c
279,equal,salet clade equal,8,3,reast algae equal,14,3,crate almes equal,10,3,trace almes equal,10,3,slate equal,3.0,2,crane asset equal,13,3,e,q,u,a,l
280,floor,salet clour floor,17,3,reast droop floor,19,3,crate fiord floor,13,3,trace fiord floor,13,3,slate floor,11.0,2,crane lirot floor,16,3,f,l,o,o,r
281,catch,salet catch,4,2,reast cital catch,11,3,crate catch,1,2,trace catch,2,2,slate cagot catch,9.0,3,crane cacao catch,5,3,c,a,t,c,h
282,spade,salet shake scare spade,9,4,reast shake spade,4,3,crate pease spade,7,3,trace pease spade,7,3,slate shake scare spade,7.0,4,crane etape spade,9,3,s,p,a,d,e
283,stein,salet smite stein,4,3,reast smite stein,4,3,crate denet stein,11,3,trace sweet stein,13,3,slate stein,2.0,2,crane doven begin stein,14,4,s,t,e,i,n
284,exist,salet chest exist,4,3,reast chest exist,3,3,crate denet exist,12,3,trace sweet exist,14,3,slate chest exist,6.0,3,crane eisel exist,18,3,e,x,i,s,t
285,quirk,salet monic quirk,36,3,reast droop quirk,19,3,crate fiord quirk,13,3,trace fiord quirk,13,3,slate monic quirk,36.0,3,crane lirot quirk,16,3,q,u,i,r,k
286,denim,salet dogie denim,32,3,reast denim,7,2,crate dopey denim,17,3,trace dopey denim,17,3,slate remen denim,24.0,3,crane doven denim,12,3,d,e,n,i,m
287,grove,salet dogie grove,32,3,reast prime grove,19,3,crate prime grove,7,3,trace prime grove,7,3,slate dogie grove,24.0,3,crane trope grove,9,3,g,r,o,v,e
288,spiel,salet spiel,1,2,reast shine spiel,5,3,crate dopey spiel,17,3,trace dopey spiel,17,3,slate spell spiel,3.0,3,crane eisel spiel,18,3,s,p,i,e,l
289,mummy,salet monic mummy,36,3,reast could fungi mummy,37,4,crate fonly buggy mummy,32,4,trace fonly buggy mummy,32,4,slate monic mummy,36.0,3,crane flout buggy mummy,38,4,m,u,m,m,y
290,fault,salet fault,1,2,reast fault,7,2,crate aloft fault,14,3,trace fatly fault,13,3,slate aptly fault,5.0,3,crane aloft fault,27,3,f,a,u,l,t
291,foggy,salet monic foggy,39,3,reast could foggy,33,3,crate fonly foggy,30,3,trace fonly foggy,30,3,slate monic foggy,39.0,3,crane flout foggy,36,3,f,o,g,g,y
292,flout,salet flout,2,2,reast input flout,9,3,crate snout flout,17,3,trace month flout,23,3,slate flout,1.0,2,crane flout,35,2,f,l,o,u,t
293,carry,salet carny carry,17,3,reast favor carry,14,3,crate cargo carry,3,3,trace cargo carry,4,3,slate carny carry,24.0,3,crane cargo carry,3,3,c,a,r,r,y
294,sneak,salet shake sneak,7,3,reast askew sneak,3,3,crate almes sneak,10,3,trace almes sneak,10,3,slate smear sneak,3.0,3,crane alien sneak,4,3,s,n,e,a,k
295,libel,salet elder impel libel,10,4,reast dicey libel,29,3,crate dopey libel,17,3,trace dopey libel,17,3,slate leery libel,9.0,3,crane eisel libel,18,3,l,i,b,e,l
296,waltz,salet waltz,1,2,reast cital waltz,11,3,crate nasty waltz,4,3,trace fatly waltz,13,3,slate waltz,1.0,2,crane aloft waltz,27,3,w,a,l,t,z
297,aptly,salet aptly,3,2,reast cital aptly,11,3,crate aloft aptly,14,3,trace fatly aptly,13,3,slate aptly,4.0,2,crane aloft aptly,27,3,a,p,t,l,y
298,piney,salet fewer money piney,18,4,reast dicey piney,29,3,crate dopey piney,17,3,trace dopey piney,17,3,slate remen piney,24.0,3,crane doven piney,12,3,p,i,n,e,y
299,inept,salet crept inept,7,3,reast eject inept,3,3,crate denet inept,11,3,trace sweet inept,13,3,slate inert inept,13.0,3,crane doven inept,12,3,i,n,e,p,t
300,aloud,salet aloud,11,2,reast cahow aloud,24,3,crate aloud,17,2,trace aloud,17,2,slate aloud,4.0,2,crane aloft aloud,27,3,a,l,o,u,d
301,photo,salet youth photo,12,3,reast month photo,10,3,crate month photo,8,3,trace month photo,23,3,slate month photo,8.0,3,crane flout photo,37,3,p,h,o,t,o
302,dream,salet ahead dream,13,3,reast amber dream,9,3,crate dream,1,2,trace dream,1,2,slate abeam dream,10.0,3,crane dream,2,2,d,r,e,a,m
303,stale,salet slate stale,3,3,reast slate stale,3,3,crate stale,2,2,trace slate stale,3,3,slate stale,1.0,2,crane etape stale,9,3,s,t,a,l,e
304,begin,salet dogie begin,32,3,reast denim begin,8,3,crate dopey begin,18,3,trace dopey begin,18,3,slate remen begin,24.0,3,crane doven begin,13,3,b,e,g,i,n
305,spell,salet spell,1,2,reast shine spell,5,3,crate dopey spell,17,3,trace dopey spell,17,3,slate spell,2.0,2,crane eisel spell,18,3,s,p,e,l,l
306,rainy,salet carny rainy,17,3,reast rainy,3,2,crate manor rainy,16,3,trace manor rainy,16,3,slate carny rainy,24.0,3,crane rainy,1,2,r,a,i,n,y
307,unite,salet their unite,18,3,reast cheth unite,8,3,crate smite unite,3,3,trace smite unite,4,3,slate chute unite,4.0,3,crane hinge unite,4,3,u,n,i,t,e
308,medal,salet clade medal,8,3,reast medal,1,2,crate almes medal,10,3,trace almes medal,10,3,slate equal medal,4.0,3,crane asset equal medal,14,4,m,e,d,a,l
309,valet,salet valet,1,2,reast pleat valet,3,3,crate asset valet,6,3,trace asset valet,6,3,slate metal valet,3.0,3,crane asset valet,12,3,v,a,l,e,t
310,inane,salet ahead brave inane,16,4,reast agape chafe inane,6,4,crate pease inane,7,3,trace pease inane,7,3,slate frame agape inane,8.0,4,crane inane,1,2,i,n,a,n,e
311,maple,salet maple,1,2,reast algae maple,14,3,crate pause maple,9,3,trace pause maple,9,3,slate ample maple,3.0,3,crane pause maple,10,3,m,a,p,l,e
312,snarl,salet shall snarl,5,3,reast shard snarl,3,3,crate hoard snarl,5,3,trace hoard snarl,5,3,slate shall snarl,5.0,3,crane snarl,1,2,s,n,a,r,l
313,baker,salet baker,3,2,reast amber baker,9,3,crate amber baker,6,3,trace amber baker,6,3,slate abeam baker,10.0,3,crane amber baker,9,3,b,a,k,e,r
314,there,salet their there,18,3,reast trice there,9,3,crate there,1,2,trace there,1,2,slate trice there,9.0,3,crane emure there,7,3,t,h,e,r,e
315,glyph,salet clour glyph,17,3,reast could glyph,33,3,crate fonly glyph,30,3,trace fonly glyph,30,3,slate floor cling glyph,14.0,4,crane flout glyph,36,3,g,l,y,p,h
316,avert,salet avert,2,2,reast avert,2,2,crate avert,3,2,trace avert,2,2,slate acted avert,6.0,3,crane amber avert,9,3,a,v,e,r,t
317,brave,salet ahead brave,15,3,reast brave,2,2,crate brave,2,2,trace brave,2,2,slate frame brave,6.0,3,crane brame brave,4,3,b,r,a,v,e
318,axiom,salet acorn axiom,15,3,reast cahow axiom,24,3,crate aloud axiom,18,3,trace aloud axiom,18,3,slate carny aphid axiom,26.0,4,crane aloft axiom,27,3,a,x,i,o,m
319,prime,salet dogie mince prime,37,4,reast prime,18,2,crate prime,6,2,trace prime,6,2,slate dogie mince prime,29.0,4,crane trope prime,10,3,p,r,i,m,e
320,drive,salet dogie drive,32,3,reast prime brine drive,21,4,crate prime brine drive,9,4,trace prime brine drive,9,4,slate dogie drive,24.0,3,crane trope drive,9,3,d,r,i,v,e
321,feast,salet feast,1,2,reast feast,1,2,crate feast,1,2,trace feast,1,2,slate feast,1.0,2,crane beady feast,3,3,f,e,a,s,t
322,itchy,salet youth itchy,12,3,reast month itchy,10,3,crate hutch itchy,4,3,trace cloth itchy,3,3,slate input itchy,12.0,3,crane flock itchy,7,3,i,t,c,h,y
323,clean,salet clade clean,8,3,reast algae clean,14,3,crate clean,1,2,trace clean,1,2,slate clean,3.0,2,crane clean,1,2,c,l,e,a,n
324,happy,salet carny gawky happy,19,4,reast cahow happy,24,3,crate aloud gawky happy,20,4,trace aloud gawky happy,20,4,slate carny gawky happy,26.0,4,crane aloft gawky happy,31,4,h,a,p,p,y
325,tepid,salet their tepid,18,3,reast depth tepid,3,3,crate denet tepid,11,3,trace tepid,1,2,slate inert tepid,13.0,3,crane eisel tepid,18,3,t,e,p,i,d
326,undue,salet dogie undue,32,3,reast dicey judge undue,31,4,crate dogie undue,18,3,trace dogie undue,18,3,slate dogie undue,24.0,3,crane hinge undue,4,3,u,n,d,u,e
327,study,salet stogy study,6,3,reast coits study,6,3,crate snout study,17,3,trace month study,23,3,slate snout study,7.0,3,crane flout study,36,3,s,t,u,d,y
328,eject,salet crept eject,7,3,reast eject,2,2,crate eject,1,2,trace eject,1,2,slate inert eject,13.0,3,crane eject,3,2,e,j,e,c,t
329,chafe,salet ahead chafe,13,3,reast agape chafe,5,3,crate chafe,1,2,trace chafe,1,2,slate frame chafe,6.0,3,crane chafe,1,2,c,h,a,f,e
330,torso,salet rusty torso,4,3,reast torso,1,2,crate story torso,6,3,trace third torso,4,3,slate moist torso,7.0,3,crane lirot torso,16,3,t,o,r,s,o
331,adore,salet ahead adore,13,3,reast amber adore,9,3,crate adore,1,2,trace adore,1,2,slate abune adore,6.0,3,crane adore,1,2,a,d,o,r,e
332,woken,salet fewer woken,17,3,reast dicey woken,30,3,crate dopey woken,18,3,trace dopey woken,18,3,slate remen woken,25.0,3,crane doven woken,12,3,w,o,k,e,n
333,amber,salet abbey amber,3,3,reast amber,8,2,crate amber,5,2,trace amber,5,2,slate abeam amber,10.0,3,crane amber,8,2,a,m,b,e,r
334,joust,salet moist joust,5,3,reast joust,3,2,crate snout joust,17,3,trace month doubt joust,25,4,slate moist joust,7.0,3,crane flout doubt joust,38,4,j,o,u,s,t
335,infer,salet fewer infer,16,3,reast prime infer,20,3,crate fewer infer,16,3,trace fewer infer,16,3,slate remen infer,24.0,3,crane inert infer,5,3,i,n,f,e,r
336,braid,salet acorn braid,15,3,reast braid,6,2,crate braid,1,2,trace braid,1,2,slate charm braid,8.0,3,crane braid,3,2,b,r,a,i,d
337,knock,salet monic knock,36,3,reast could knock,33,3,crate flock knock,6,3,trace cinch knock,5,3,slate monic knock,36.0,3,crane ionic knock,3,3,k,n,o,c,k
338,naive,salet badge farce naive,7,4,reast algae naive,14,3,crate pause badge naive,11,4,trace pause badge naive,11,4,slate abune naive,6.0,3,crane naive,1,2,n,a,i,v,e
339,apply,salet aloud apply,12,3,reast cahow album apply,26,4,crate aloud apply,18,3,trace aloud apply,18,3,slate lairy apply,12.0,3,crane aloft apply,27,3,a,p,p,l,y
340,spoke,salet shine spoke,4,3,reast shine spoke,5,3,crate dogie bloke spoke,21,4,trace dogie bloke spoke,21,4,slate shine spoke,4.0,3,crane dobie spoke,23,3,s,p,o,k,e
341,usual,salet class usual,4,3,reast squad usual,3,3,crate aloud usual,18,3,trace aloud usual,18,3,slate usual,1.0,2,crane aloft usual,28,3,u,s,u,a,l
342,rival,salet aloud rival,12,3,reast rainy rival,4,3,crate manor rival,16,3,trace manor rival,16,3,slate lairy rival,12.0,3,crane molar rival,13,3,r,i,v,a,l
343,probe,salet dogie choke probe,34,4,reast prime probe,19,3,crate prime probe,7,3,trace prime probe,7,3,slate dogie choke probe,26.0,4,crane trope probe,9,3,p,r,o,b,e
344,chord,salet monic chord,36,3,reast droop chord,19,3,crate chord,1,2,trace chord,3,2,slate monic chord,36.0,3,crane chord,1,2,c,h,o,r,d
345,taper,salet cater taper,3,3,reast cater taper,4,3,crate avert taper,4,3,trace taper,1,2,slate acted taper,6.0,3,crane amber parer taper,11,4,t,a,p,e,r
346,slate,salet slate,2,2,reast slate,2,2,crate slate,1,2,trace slate,2,2,slate,0.0,1,crane etape slate,9,3,s,l,a,t,e
347,third,salet youth third,12,3,reast froth third,5,3,crate story third,6,3,trace third,3,2,slate input third,12.0,3,crane lirot third,16,3,t,h,i,r,d
348,lunar,salet aloud lunar,12,3,reast favor lunar,13,3,crate manor lunar,16,3,trace manor lunar,16,3,slate lairy lunar,12.0,3,crane apron lunar,5,3,l,u,n,a,r
349,excel,salet elder excel,8,3,reast dicey excel,29,3,crate excel,2,2,trace cheek excel,5,3,slate leery excel,9.0,3,crane eject excel,4,3,e,x,c,e,l
350,aorta,salet aorta,6,2,reast aorta,2,2,crate aorta,1,2,trace aorta,2,2,slate aorta,2.0,2,crane molar aorta,13,3,a,o,r,t,a
351,poise,salet goose poise,3,3,reast goose poise,3,3,crate dogie poise,18,3,trace dogie poise,18,3,slate goose poise,3.0,3,crane dobie poise,20,3,p,o,i,s,e
352,extra,salet atone extra,4,3,reast cater extra,4,3,crate avert extra,4,3,trace avert extra,3,3,slate acted extra,6.0,3,crane amber extra,9,3,e,x,t,r,a
353,judge,salet dogie judge,33,3,reast dicey judge,30,3,crate dogie judge,19,3,trace dogie judge,19,3,slate dogie judge,25.0,3,crane dobie judge,21,3,j,u,d,g,e
354,condo,salet monic condo,36,3,reast could condo,33,3,crate child condo,9,3,trace could condo,10,3,slate monic condo,36.0,3,crane cinch condo,5,3,c,o,n,d,o
355,impel,salet elder impel,9,3,reast dicey impel,29,3,crate dopey impel,17,3,trace dopey impel,17,3,slate leery impel,9.0,3,crane eisel impel,18,3,i,m,p,e,l
356,havoc,salet carny havoc,17,3,reast cahow havoc,24,3,crate havoc,4,2,trace cacao havoc,9,3,slate carny havoc,24.0,3,crane tacit havoc,6,3,h,a,v,o,c
357,molar,salet allow molar,4,3,reast favor molar,13,3,crate manor molar,16,3,trace manor molar,16,3,slate lairy molar,12.0,3,crane molar,12,2,m,o,l,a,r
358,manly,salet caulk manly,4,3,reast cahow manly,27,3,crate aloud manly,18,3,trace aloud manly,18,3,slate lairy manly,12.0,3,crane natal manly,6,3,m,a,n,l,y
